Country,Year,Avg Wage (Local currency),Avg Wage (2017 PPP $),Avg Wage (U.S. dollars)
Albania,2015,46829.00,891.55,371.77
Albania,2016,47522.43,898.58,382.81
Albania,2017,48966.82,928.01,411.14
Albania,2018,50589.00,964.59,468.46
Albania,2019,52380.00,1006.06,476.83
Albania,2020,53662.00,1030.04,493.90
Argentina,2011,3150.63,996.67,766.55
Argentina,2012,3925.67,1071.37,865.27
Argentina,2013,4981.16,1091.86,912.41
Argentina,2014,6460.09,1015.76,799.98
Argentina,2017,14490.07,1340.69,874.86
Argentina,2018,18457.02,1302.86,656.95
Argentina,2019,25562.73,1196.46,530.92
Argentina,2020,36282.03,1210.52,514.35
Argentina,2021,51752.75,1218.12,544.82
Armenia,2011,108092.00,652.62,290.18
Armenia,2012,113163.00,715.28,281.67
Armenia,2013,146524.00,818.40,357.70
Armenia,2014,158580.02,861.56,381.28
Armenia,2015,100331.24,539.92,209.93
Armenia,2016,99931.08,575.14,207.98
Armenia,2017,103505.38,618.64,214.42
Armenia,2018,109316.11,652.87,226.33
Armenia,2019,117887.01,706.62,245.37
Armenia,2020,121584.72,728.94,248.63
Australia,2014,5421.55,3543.00,4887.08
Australia,2016,5630.54,3672.18,4185.61
Australia,2018,5979.13,3844.22,4467.33
Austria,2011,2418.00,2841.89,3365.75
Austria,2012,2477.00,2894.41,3182.42
Austria,2013,2513.00,2972.53,3337.56
Austria,2014,2806.00,3318.37,3727.77
Austria,2015,2599.00,3055.99,2883.62
Austria,2016,2646.00,3180.09,2928.87
Austria,2017,2689.00,3210.82,3037.71
Austria,2018,2768.00,3336.36,3268.88
Austria,2019,2847.00,3401.23,3187.14
Austria,2020,4161.64,4936.86,4753.41
Austria,2021,4275.85,5273.90,5057.22
Azerbaijan,2011,364.20,1126.02,461.20
Azerbaijan,2012,398.40,1321.22,507.10
Azerbaijan,2013,425.10,1306.60,541.85
Azerbaijan,2014,444.50,1375.16,566.71
Azerbaijan,2015,466.90,1299.64,455.71
Azerbaijan,2016,499.80,1199.54,313.21
Azerbaijan,2017,528.50,1085.29,307.06
Azerbaijan,2018,544.60,1120.26,320.35
Azerbaijan,2019,634.80,1295.64,373.41
Azerbaijan,2020,707.30,1422.17,416.06
Azerbaijan,2021,732.10,1445.09,430.65
Bangladesh,2016,12915.00,453.60,164.59
Bangladesh,2017,11811.70,400.21,146.84
Barbados,2016,2680.24,1164.82,1340.12
Belarus,2016,766.40,,385.21
Belarus,2017,963.30,,498.51
Belarus,2018,1095.00,,537.39
Belarus,2019,1210.90,,578.88
Belgium,2011,2888.00,3279.15,4019.97
Belgium,2012,4252.61,4815.44,5463.70
Belgium,2013,2976.00,3415.86,3952.48
Belgium,2014,2958.00,3439.95,3929.71
Belgium,2015,3082.00,3561.59,3419.52
Belgium,2016,3091.00,3619.34,3421.44
Belgium,2017,3145.00,3669.11,3552.85
Belgium,2018,3212.00,3806.28,3793.23
Belgium,2019,4956.20,5851.82,5548.34
Belgium,2020,5043.15,5977.78,5760.27
Belgium,2021,5185.73,6325.93,6133.37
Belize,2014,1391.59,1068.06,695.79
Belize,2015,1198.59,887.19,599.30
Belize,2016,1158.47,824.62,579.24
Belize,2017,1196.21,809.89,598.11
Belize,2018,1217.96,842.49,608.98
Belize,2019,1269.44,892.34,634.72
Belize,2020,1020.00,724.96,510.00
Belize,2021,1227.88,885.07,613.94
Benin,2018,73321.25,340.04,
Bhutan,2018,15743.92,766.88,230.21
Bhutan,2019,19387.24,935.93,275.31
Bhutan,2020,19894.84,920.47,268.49
Bhutan,2021,20815.64,939.30,281.52
Bolivia,2011,2042.11,706.36,294.38
Bolivia,2012,2317.31,845.67,335.36
Bolivia,2013,2606.16,936.80,377.16
Bolivia,2014,2709.94,978.45,392.18
Bolivia,2015,5888.66,2154.73,852.19
Bolivia,2016,6316.73,2370.33,914.14
Bolivia,2017,6551.59,2508.33,948.13
Bolivia,2018,6851.19,2627.41,991.49
Bolivia,2019,6825.11,2616.70,987.72
Bolivia,2020,7085.79,2724.53,1025.44
Bolivia,2021,7262.81,2902.38,1051.06
Bosnia and Herzegovina,2012,698.30,819.11,458.74
Bosnia and Herzegovina,2013,726.05,876.41,492.89
Bosnia and Herzegovina,2014,747.47,907.05,507.05
Bosnia and Herzegovina,2015,737.47,900.47,418.19
Bosnia and Herzegovina,2016,742.69,945.62,420.04
Bosnia and Herzegovina,2020,1235.39,1579.98,719.52
Bosnia and Herzegovina,2021,1282.98,1626.18,775.87
Botswana,2019,5122.27,1005.32,476.23
Botswana,2020,5218.26,1017.55,455.49
Brazil,2012,1323.66,796.11,677.73
Brazil,2013,1413.38,788.86,655.53
Brazil,2014,1576.76,829.54,670.12
Brazil,2015,1710.60,821.24,514.17
Brazil,2016,1924.74,855.81,551.29
Brazil,2017,2776.91,1193.15,870.12
Brazil,2018,2858.04,1213.53,782.20
Brazil,2019,2900.50,1208.75,735.33
Brazil,2020,2924.32,1195.32,567.26
Brazil,2021,2414.26,954.00,447.55
Brunei Darussalam,2014,1799.40,2337.29,1420.16
Bulgaria,2011,686.00,851.03,487.75
Bulgaria,2012,731.08,910.78,480.33
Bulgaria,2013,775.00,1000.86,525.93
Bulgaria,2014,822.00,1101.56,557.60
Bulgaria,2015,878.00,1160.05,497.62
Bulgaria,2016,948.00,1295.04,536.19
Bulgaria,2017,1037.00,1380.70,597.54
Bulgaria,2018,1146.00,1537.09,691.59
Bulgaria,2019,699.48,,
Bulgaria,2020,748.93,,
Bulgaria,2021,811.22,,
Burkina Faso,2018,107024.67,538.37,192.68
Burundi,2014,64028.15,113.47,
Burundi,2020,433782.57,675.66,226.51
Cambodia,2011,404130.95,270.64,99.58
Cambodia,2012,474675.54,332.33,117.70
Cambodia,2013,497094.71,339.93,123.43
Cambodia,2014,610121.43,411.06,151.11
Cambodia,2015,655840.74,445.13,161.23
Cambodia,2016,736010.77,500.32,181.34
Cambodia,2019,1069006.11,717.00,263.23
Cameroon,2014,133259.85,554.93,269.89
Cabo Verde,2015,32193.00,645.66,323.92
Chad,2018,121734.16,503.23,219.16
Chile,2017,756955.07,1634.08,1166.64
Chile,2019,809468.63,1746.70,1151.62
Chile,2020,735678.59,1532.52,928.04
China,2011,3483.00,941.98,539.04
China,2012,3897.42,1063.27,617.43
China,2013,4290.25,1117.94,692.45
China,2014,4696.67,1190.60,764.50
China,2015,5169.00,1283.53,830.03
China,2016,5630.75,1372.31,847.43
China,2017,6193.17,1493.54,916.32
China,2018,6867.75,1662.19,1038.06
China,2019,7541.75,1806.03,1091.68
China,2020,8114.92,1920.79,1175.94
Colombia,2021,1263928.92,806.36,337.62
Comoros,2014,84376.21,377.23,227.85
Comoros,2021,105355.19,,253.28
"Congo, Democratic Republic of the",2012,87813.18,157.14,95.47
Cook Islands,2019,1530.87,,
Costa Rica,2011,391602.26,1120.76,774.43
Costa Rica,2012,435125.83,1256.76,865.23
Costa Rica,2013,473389.80,1287.59,947.22
Costa Rica,2014,486979.63,1281.85,904.63
Costa Rica,2015,528111.82,1394.16,987.93
Costa Rica,2016,509848.00,1407.53,935.95
Costa Rica,2017,516404.40,1430.06,909.94
Costa Rica,2018,365000.00,1010.39,632.61
Costa Rica,2019,544762.50,1516.32,927.58
Costa Rica,2020,530199.00,1471.14,906.48
Costa Rica,2021,567066.49,1582.65,913.47
Croatia,2011,7772.00,1811.30,1454.38
Croatia,2012,1239.34,,
Croatia,2013,1190.13,,
Croatia,2014,8073.00,1997.63,1404.45
Croatia,2015,1274.33,,
Croatia,2016,1255.88,,
Croatia,2017,1339.60,,
Croatia,2018,8749.00,2269.66,1393.37
Croatia,2019,1456.34,,
Croatia,2020,1541.13,,
Croatia,2021,1618.89,,
Curaçao,2018,2675.09,1801.44,1494.46
Cyprus,2011,1982.00,2599.24,2758.86
Cyprus,2012,2326.99,3030.83,2989.69
Cyprus,2013,1945.00,2600.79,2583.19
Cyprus,2014,1840.00,2511.45,2444.44
Cyprus,2015,156.83,218.48,174.01
Cyprus,2016,1879.00,2785.54,2079.87
Cyprus,2017,1892.00,2808.02,2137.36
Cyprus,2018,1939.00,2911.43,2289.87
Cyprus,2019,1979.00,2948.58,2215.44
Cyprus,2020,2242.57,3416.57,2561.45
Cyprus,2021,2296.84,3504.28,2716.56
Czechia,2011,25625.00,1755.82,1448.07
Czechia,2012,26133.00,1783.59,1334.85
Czechia,2013,26444.00,1862.26,1351.21
Czechia,2014,26802.00,1924.26,1291.20
Czechia,2015,27811.00,1960.08,1130.59
Czechia,2016,29056.00,2088.99,1188.87
Czechia,2017,31109.00,2233.97,1330.79
Czechia,2018,33684.00,2411.67,1550.12
Czechia,2019,1664.64,,
Czechia,2020,38527.00,2628.83,1659.91
Czechia,2021,1838.40,,
Côte d'Ivoire,2017,110363.58,446.57,190.07
Côte d'Ivoire,2019,135130.48,574.61,230.63
Denmark,2011,4056.48,,
Denmark,2012,4196.06,,
Denmark,2013,4289.90,,
Denmark,2014,31264.00,3774.78,5570.46
Denmark,2015,4444.61,,
Denmark,2016,4433.88,,
Denmark,2017,4501.78,,
Denmark,2018,33336.00,4277.42,5279.18
Denmark,2019,4707.56,,
Denmark,2020,5273.99,,
Denmark,2021,5583.08,,
Dominican Republic,2015,13062.85,567.11,289.99
Dominican Republic,2016,13570.36,580.81,294.60
Dominican Republic,2017,14540.12,596.14,305.89
Dominican Republic,2018,15971.03,647.71,322.58
Dominican Republic,2019,16880.57,684.61,329.09
Dominican Republic,2020,16877.27,667.67,298.58
Dominican Republic,2021,17637.01,674.88,308.23
Ecuador,2013,450.82,,450.82
Ecuador,2014,484.43,,484.43
Ecuador,2015,498.46,,498.46
Ecuador,2016,498.02,,498.02
Ecuador,2017,500.09,,500.09
Ecuador,2018,514.60,,514.60
Ecuador,2019,512.06,,512.06
Ecuador,2020,472.23,,472.23
Ecuador,2021,482.28,,482.28
Egypt,2011,2136.00,1245.70,360.03
Egypt,2012,2564.00,1485.29,423.38
Egypt,2013,3044.00,1589.10,443.06
Egypt,2015,1816.64,776.24,236.20
Egypt,2016,4078.86,1542.99,406.85
Egypt,2017,4546.50,1334.15,255.67
Egypt,2018,4780.32,1256.13,269.05
Egypt,2019,5555.39,1361.62,331.26
Egypt,2020,2705.45,639.04,171.67
Egypt,2021,2912.84,682.50,186.19
El Salvador,2011,272.85,507.88,272.85
El Salvador,2012,281.37,542.55,281.37
El Salvador,2013,295.73,563.35,295.73
El Salvador,2014,301.60,575.22,301.60
El Salvador,2015,305.66,591.76,305.66
El Salvador,2016,296.83,579.92,296.83
El Salvador,2017,317.93,617.35,317.93
El Salvador,2018,331.77,652.84,331.77
El Salvador,2019,346.95,694.56,346.95
Estonia,2011,839.00,1427.28,1167.85
Estonia,2012,887.00,1483.13,1139.61
Estonia,2013,949.00,1586.51,1260.38
Estonia,2014,1066.00,1779.70,1416.18
Estonia,2015,1065.00,1765.56,1181.63
Estonia,2016,1146.00,1930.39,1268.51
Estonia,2017,1221.00,2013.11,1379.34
Estonia,2018,1310.00,2130.55,1547.05
Estonia,2019,1407.00,2241.98,1575.10
Estonia,2020,1448.00,2365.45,1653.90
Estonia,2021,2044.39,3267.36,2417.99
Eswatini,2016,4573.40,795.31,310.91
Ethiopia,2013,1345.50,185.64,72.24
Ethiopia,2021,652.83,42.21,
Falkland Islands (Malvinas),2012,139.58,,
Fiji,2016,1060.95,1088.05,506.49
Finland,2011,2901.00,2978.75,4038.06
Finland,2013,3067.00,3120.90,4073.34
Finland,2014,3067.00,3134.53,4074.51
Finland,2015,3036.00,3100.05,3368.48
Finland,2016,4128.52,4345.60,4569.87
Finland,2017,3055.00,3255.42,3451.18
Finland,2018,3088.00,3339.20,3646.79
Finland,2019,3143.00,3401.39,3518.51
Finland,2020,3191.00,3449.19,3644.75
Finland,2021,4336.41,4751.56,5128.85
France,2011,2787.00,3157.48,3879.38
France,2012,2879.00,3247.66,3698.91
France,2013,2905.00,3373.62,3858.18
France,2014,2775.00,3228.73,3686.59
France,2015,2961.73,3396.71,3286.07
France,2016,2968.00,3503.52,3285.29
France,2017,3084.00,3637.50,3483.94
France,2018,3137.00,3740.83,3704.65
France,2019,3183.00,3814.65,3563.29
France,2020,2015.55,2412.70,2302.15
France,2021,3856.99,4741.35,4561.81
Gambia,2012,3477.86,314.74,108.42
Gambia,2018,3976.99,253.05,82.59
Georgia,2014,818.02,1017.19,463.29
Georgia,2015,900.42,1065.93,396.77
Georgia,2016,940.01,1093.39,397.18
Georgia,2017,999.13,1080.52,398.13
Georgia,2018,1068.27,1153.35,421.56
Georgia,2019,1129.50,1184.09,400.80
Germany,2011,2486.44,2993.56,3461.01
Germany,2012,2557.46,3077.81,3285.80
Germany,2013,2633.83,3185.26,3498.04
Germany,2014,3045.00,3715.24,4045.28
Germany,2015,2778.18,3335.49,3082.42
Germany,2016,2809.85,3481.90,3110.23
Germany,2017,2850.34,3566.59,3219.97
Germany,2018,2941.70,3763.86,3474.02
Germany,2019,3074.66,3894.29,3442.00
Germany,2020,4543.55,5733.15,5189.62
Germany,2021,4321.55,5539.05,5111.28
Ghana,2013,625.75,660.34,320.23
Ghana,2015,884.07,660.16,241.02
Ghana,2017,688.68,393.31,158.29
Greece,2011,1051.05,1360.00,1463.01
Greece,2012,954.14,1252.00,1225.87
Greece,2013,903.23,1254.72,1199.59
Greece,2014,1562.00,2277.13,2075.12
Greece,2015,865.00,1260.17,959.73
Greece,2016,873.34,1322.08,966.71
Greece,2017,877.02,1345.31,990.76
Greece,2018,886.05,1388.04,1046.39
Greece,2019,885.52,1395.01,991.32
Greece,2020,905.56,1440.93,1034.33
Greece,2021,1933.51,3063.09,2286.84
Guatemala,2011,2173.88,558.49,279.22
Guatemala,2012,2264.65,587.42,289.09
Guatemala,2013,2457.58,608.85,312.80
Guatemala,2014,2577.01,625.64,333.28
Guatemala,2015,2536.13,609.36,331.31
Guatemala,2016,2584.21,606.71,340.03
Guatemala,2017,2602.03,590.93,354.12
Guatemala,2018,2662.16,596.96,354.05
Guatemala,2019,2750.71,605.59,357.39
Guatemala,2021,2393.00,518.89,309.40
Guernsey,2011,2361.67,,
Guernsey,2012,2437.50,,
Guernsey,2013,2470.00,,
Guernsey,2014,2524.17,,
Guernsey,2015,2545.83,,
Guernsey,2016,2620.00,,
Guinea-Bissau,2018,90389.02,397.27,162.73
Guyana,2018,76799.90,671.81,369.73
Guyana,2019,81920.78,714.68,392.91
Honduras,2015,6660.39,621.15,303.50
Honduras,2016,7024.42,661.12,307.62
Honduras,2017,6875.84,634.37,292.75
Honduras,2018,6650.17,602.35,278.22
Honduras,2019,7338.61,648.45,299.43
Honduras,2020,8296.33,717.24,337.50
"Hong Kong, China",2011,11000.00,1947.94,1413.16
"Hong Kong, China",2012,12000.00,2099.60,1547.11
"Hong Kong, China",2013,12600.00,2088.13,1624.55
"Hong Kong, China",2014,13000.00,2090.75,1676.54
"Hong Kong, China",2015,14200.00,2290.61,1831.84
"Hong Kong, China",2016,15000.00,2383.52,1932.43
Hungary,2011,231312.00,1657.32,1150.49
Hungary,2012,237749.00,1657.42,1056.17
Hungary,2013,244545.00,1731.54,1093.21
Hungary,2014,250486.00,1741.34,1076.89
Hungary,2015,260218.00,1757.71,931.57
Hungary,2016,277543.12,1895.33,985.86
Hungary,2017,325593.00,2129.77,1186.42
Hungary,2018,317729.00,2050.40,1175.85
Hungary,2019,901.44,,
Hungary,2020,967.43,,
Hungary,2021,829.99,,
Iceland,2011,463000.00,3275.07,3992.96
Iceland,2012,491000.00,3382.62,3925.40
Iceland,2013,531000.00,3583.78,4346.08
Iceland,2014,570000.00,3797.50,4881.50
Iceland,2015,619000.00,3993.64,4692.28
Iceland,2016,669000.00,4184.96,5537.55
Iceland,2017,712000.00,4520.47,6664.20
Iceland,2018,759000.00,4886.44,7008.30
Iceland,2019,759000.00,4737.04,6190.52
India,2018,16068.31,813.40,234.95
India,2019,16317.73,810.80,231.72
India,2020,17594.66,830.06,237.45
Indonesia,2012,1416851.82,369.62,150.94
Indonesia,2013,1575305.67,378.34,150.58
Indonesia,2014,1703837.07,386.11,143.60
Indonesia,2015,1818033.31,385.11,135.78
Ireland,2011,3015.60,3143.13,4197.58
Ireland,2012,3042.19,3151.58,3908.57
Ireland,2013,3034.71,3140.54,4030.45
Ireland,2014,3043.38,3075.64,4043.13
Ireland,2015,3083.31,3086.29,3420.97
Ireland,2016,3125.64,3207.09,3459.78
Ireland,2017,3187.26,3230.21,3600.59
Ireland,2018,3291.81,3329.81,3887.48
Ireland,2019,3411.17,3424.40,3818.72
Ireland,2020,3594.20,3607.11,4105.28
Ireland,2021,4278.01,4225.81,5059.77
Isle of Man,2014,2895.30,,4764.12
Isle of Man,2016,2966.46,,4005.30
Israel,2012,9149.00,2135.64,2372.71
Israel,2013,9030.00,2039.78,2500.86
Israel,2014,9317.00,2036.23,2604.02
Israel,2015,9503.00,2086.99,2444.92
Israel,2016,9724.00,2264.20,2531.92
Israel,2018,10584.00,2545.53,2947.73
Italy,2011,2952.22,3602.45,4109.36
Italy,2012,2939.76,3545.50,3776.98
Italy,2013,2988.38,3646.32,3968.92
Italy,2014,2458.00,2978.13,3265.45
Italy,2015,2123.07,2562.32,2355.57
Italy,2016,2136.77,2717.65,2365.20
Italy,2017,2141.00,2753.17,2418.65
Italy,2018,2186.00,2874.93,2581.57
Italy,2019,2192.00,2930.27,2453.89
Italy,2020,2207.00,2977.33,2520.83
Italy,2021,3077.83,4225.52,3640.27
Jamaica,2013,86933.41,1319.79,865.89
Japan,2011,296800.00,2556.35,3718.97
Japan,2012,297700.00,2642.36,3731.02
Japan,2013,295700.00,2774.17,3029.85
Japan,2014,299600.00,2744.05,2827.89
Japan,2015,303500.00,2785.35,2507.35
Japan,2016,303600.00,2641.63,2790.62
Japan,2017,303800.00,2619.34,2708.48
Japan,2018,305300.00,2674.88,2764.82
Japan,2019,306000.00,2695.54,2807.09
Japan,2020,307700.00,2696.32,2881.77
Japan,2021,307400.00,2746.99,2800.80
Jersey,2013,2857.80,,
Jersey,2015,2944.40,,
Jersey,2016,3031.00,,
Jordan,2016,493.00,1380.37,694.37
Jordan,2017,353.09,1072.66,497.30
Jordan,2018,331.57,987.83,467.00
Jordan,2019,320.03,963.38,450.75
Jordan,2020,321.73,977.19,453.14
Jordan,2021,337.06,1057.61,474.73
Kazakhstan,2011,90028.00,1136.41,614.02
Kazakhstan,2012,101263.00,1260.09,679.10
Kazakhstan,2013,109140.80,1185.63,717.42
Kazakhstan,2014,121020.60,1244.31,675.37
Kazakhstan,2015,126021.00,1204.95,568.36
Kazakhstan,2016,142898.00,1232.31,417.64
Kazakhstan,2017,150827.00,1204.08,462.66
Kazakhstan,2018,162673.00,1254.84,471.92
Kazakhstan,2019,186815.00,1394.06,488.09
Kazakhstan,2020,213003.00,1507.35,515.80
Kenya,2019,13932.87,316.81,136.61
Kiribati,2019,499.05,,346.92
"Korea, Republic of",2011,2915720.00,3196.99,2630.82
"Korea, Republic of",2012,2997420.00,3276.11,2660.89
"Korea, Republic of",2013,3116400.00,3191.95,2846.41
"Korea, Republic of",2014,3235210.00,3252.26,3072.49
"Korea, Republic of",2015,3269000.00,3406.34,2889.96
"Korea, Republic of",2016,3351000.00,3464.95,2887.71
"Korea, Republic of",2017,3446000.00,3473.53,3048.41
"Korea, Republic of",2018,3593000.00,3669.27,3264.88
"Korea, Republic of",2019,3720000.00,3818.43,3192.15
"Korea, Republic of",2020,3757000.00,3823.95,3183.18
"Korea, Republic of",2021,3858000.00,3875.87,3372.52
Kosovo,2012,383.00,1040.82,492.07
Kosovo,2013,386.01,1045.87,512.66
Kosovo,2014,403.06,1105.05,535.46
Kosovo,2015,414.65,1144.32,460.06
Kosovo,2016,421.83,1175.62,466.92
Kosovo,2017,431.19,1209.31,487.11
Kosovo,2018,453.24,1288.62,535.26
Kosovo,2019,476.75,1344.04,533.71
Kyrgyzstan,2013,10601.00,573.98,218.86
Kyrgyzstan,2014,11516.00,592.49,214.63
Kyrgyzstan,2015,12715.60,625.55,197.26
Kyrgyzstan,2016,13428.00,687.60,192.06
Kyrgyzstan,2017,14217.00,733.87,206.44
Kyrgyzstan,2018,14760.00,768.65,214.41
Kyrgyzstan,2019,16287.00,853.86,233.37
Kyrgyzstan,2020,17198.00,858.44,222.35
Lao People's Democratic Republic,2017,1977052.52,630.88,239.79
Latvia,2011,449.98,,897.75
Latvia,2012,466.27,,852.61
Latvia,2013,484.17,,914.58
Latvia,2014,806.00,1414.77,1070.77
Latvia,2015,784.78,,
Latvia,2016,1060.31,1889.81,1173.66
Latvia,2017,884.49,1573.71,999.19
Latvia,2018,961.00,1701.29,1134.90
Latvia,2019,1032.00,1802.39,1155.30
Latvia,2020,1102.00,1966.69,1258.70
Latvia,2021,1573.22,2744.03,1860.72
Lebanon,2019,1175862.17,1473.32,780.01
Lesotho,2019,3350.69,604.82,231.91
Liberia,2017,1311.11,,
Liechtenstein,2012,6380.00,,
Liechtenstein,2014,6522.00,,
Liechtenstein,2016,6603.00,,
Liechtenstein,2018,6675.00,,
Lithuania,2011,659.28,,
Lithuania,2012,717.82,,
Lithuania,2013,735.70,,
Lithuania,2014,706.00,1412.32,937.92
Lithuania,2015,714.10,1430.51,792.30
Lithuania,2016,774.00,1577.57,856.74
Lithuania,2017,840.40,1696.15,949.38
Lithuania,2018,924.10,1859.98,1091.32
Lithuania,2019,1296.40,2569.38,1451.29
Lithuania,2020,1428.60,2827.01,1631.74
Lithuania,2021,1477.10,2842.02,1747.02
Luxembourg,2011,4289.86,4426.42,5971.30
Luxembourg,2012,4352.28,4466.02,5591.76
Luxembourg,2013,4474.64,4638.33,5942.86
Luxembourg,2014,4206.00,4322.00,5587.67
Luxembourg,2015,4729.96,4841.23,5247.95
Luxembourg,2016,4770.58,4950.81,5280.57
Luxembourg,2017,4912.83,5085.79,5549.93
Luxembourg,2018,5078.16,5299.18,5997.08
Luxembourg,2019,5194.20,5350.94,5814.77
Luxembourg,2020,5158.78,5179.70,5892.34
Luxembourg,2021,6645.87,6948.68,7860.33
Madagascar,2012,148474.23,209.58,67.64
Madagascar,2015,209429.06,245.67,71.39
Malaysia,2011,1809.00,1140.35,591.18
Malaysia,2012,1906.00,1255.75,617.07
Malaysia,2014,2193.00,1367.63,670.06
Malaysia,2015,2312.00,1409.15,591.99
Malaysia,2016,2657.00,1609.18,640.50
Malaysia,2017,2879.00,1667.10,669.47
Malaysia,2018,3087.00,1815.15,765.03
Malaysia,2019,3224.00,1917.35,778.28
Malaysia,2020,2933.00,1786.14,697.75
Maldives,2016,10765.08,1121.83,700.47
Maldives,2019,11551.16,1229.11,750.95
Mali,2013,77081.38,352.60,156.07
Mali,2014,72802.31,337.96,147.45
Mali,2015,64630.83,301.99,109.32
Mali,2016,70076.47,344.38,118.25
Mali,2017,69595.74,339.04,119.86
Mali,2018,73226.20,364.35,131.83
Mali,2020,81011.21,420.61,140.75
Malta,2011,1661.79,2601.00,2313.13
Malta,2012,1664.37,2581.66,2138.36
Malta,2013,1745.73,2677.09,2318.54
Malta,2014,1720.00,2649.57,2285.02
Malta,2015,1951.81,2988.19,2165.56
Malta,2016,1955.80,3069.63,2164.89
Malta,2017,2042.34,3155.19,2307.19
Malta,2018,2108.00,3319.46,2489.45
Malta,2019,2082.99,3270.66,2331.85
Malta,2020,2252.47,3488.70,2572.76
Malta,2021,3337.27,5212.64,3947.12
Marshall Islands,2019,798.35,,798.35
Mauritania,2019,60522.50,,
Mauritius,2011,14763.00,795.62,514.28
Mauritius,2012,15508.84,857.94,516.10
Mauritius,2013,16746.82,908.87,545.47
Mauritius,2014,18927.41,1021.88,618.11
Mauritius,2015,20151.44,1098.76,574.82
Mauritius,2016,20197.58,1134.15,568.28
Mauritius,2017,21207.07,1177.55,615.03
Mauritius,2018,21977.67,1211.20,647.65
Mauritius,2019,20525.54,1147.02,578.62
Mauritius,2020,19745.58,1088.94,501.83
Mauritius,2021,22971.02,1274.97,550.97
Mexico,2011,4994.74,558.68,402.05
Mexico,2012,5146.26,557.95,390.77
Mexico,2019,6621.17,616.53,343.71
Mexico,2020,7048.44,635.62,328.05
Mexico,2021,7482.70,674.99,369.11
"Moldova, Republic of",2011,3042.00,562.29,259.14
"Moldova, Republic of",2013,3674.20,617.83,291.91
"Moldova, Republic of",2014,4089.70,667.31,291.38
"Moldova, Republic of",2015,4538.40,708.15,241.17
"Moldova, Republic of",2016,4997.80,787.36,250.85
"Moldova, Republic of",2017,5587.40,875.42,302.04
"Moldova, Republic of",2018,6268.00,976.31,373.05
"Moldova, Republic of",2019,7233.70,1094.21,411.63
"Moldova, Republic of",2020,7943.00,1172.18,458.55
"Moldova, Republic of",2021,4937.62,725.83,279.27
Mongolia,2011,424200.00,730.58,335.20
Mongolia,2012,557551.27,877.17,410.69
Mongolia,2014,796596.53,996.75,438.19
Mongolia,2015,807994.90,1000.69,410.09
Mongolia,2016,861900.00,1055.44,402.70
Mongolia,2017,944539.00,1081.27,387.14
Mongolia,2018,1002877.80,1101.09,405.62
Mongolia,2019,1124300.00,1171.22,422.11
Mongolia,2020,1220600.00,1241.38,433.87
Mongolia,2021,1279400.00,1272.01,449.02
Montenegro,2011,722.00,1617.19,1004.99
Montenegro,2012,727.00,1596.08,934.04
Montenegro,2014,724.00,1648.25,961.83
Montenegro,2015,725.00,1658.36,804.40
Montenegro,2017,765.00,1793.13,864.21
Montenegro,2018,766.00,1811.20,904.61
Montenegro,2019,773.00,1843.59,865.35
Myanmar,2015,117326.95,340.39,100.92
Myanmar,2017,173499.77,445.05,127.54
Myanmar,2018,192257.84,472.73,134.46
Myanmar,2019,208855.02,480.44,137.56
Myanmar,2020,216278.94,,156.54
Namibia,2012,5624.35,1044.02,686.42
Namibia,2013,6843.45,1200.46,701.89
Namibia,2014,6638.02,1111.62,612.20
Namibia,2016,6927.22,1064.52,470.96
Namibia,2018,7233.30,1029.98,546.57
Nepal,2017,17801.37,583.40,170.33
Netherlands,2011,3750.28,4267.82,5220.23
Netherlands,2012,3839.28,4349.43,4932.67
Netherlands,2013,3940.75,4515.20,5233.78
Netherlands,2014,2964.00,3361.76,3937.68
Netherlands,2015,4105.64,4621.26,4555.26
Netherlands,2016,4071.09,4663.49,4506.31
Netherlands,2017,4204.29,4883.17,4749.51
Netherlands,2018,2513.00,2985.74,2967.74
Netherlands,2019,4350.85,5070.87,4870.67
Netherlands,2020,4552.73,5338.09,5200.11
Netherlands,2021,4668.56,5576.29,5521.70
New Zealand,2014,4420.00,2761.07,3666.73
New Zealand,2015,4522.00,2772.38,3153.47
New Zealand,2016,4640.00,2926.03,3230.02
New Zealand,2017,4760.00,3011.59,3382.10
New Zealand,2019,5120.00,3284.62,3373.14
Niger,2011,56188.38,243.86,119.23
Niger,2012,75505.82,333.18,147.89
Nigeria,2019,45512.69,339.12,148.29
North Macedonia,2014,30416.00,1320.35,654.99
Norway,2011,39600.00,4048.92,7065.62
Norway,2012,41000.00,4183.72,7047.70
Norway,2013,42500.00,4351.93,7234.04
Norway,2014,43800.00,4446.32,6950.54
Norway,2015,42600.00,4019.25,5282.63
Norway,2016,43640.00,4083.68,5195.24
Norway,2017,44660.00,4300.97,5399.15
Norway,2018,46010.00,4463.87,5657.55
Norway,2019,47720.00,4565.03,5422.73
Norway,2020,48750.00,4588.12,5177.45
Occupied Palestinian Territory,2015,2255.99,3785.84,
Occupied Palestinian Territory,2016,2341.69,3978.80,
Occupied Palestinian Territory,2017,2435.79,4243.21,
Occupied Palestinian Territory,2018,2621.96,4676.52,
Occupied Palestinian Territory,2019,2775.75,4926.14,
Occupied Palestinian Territory,2020,2893.61,5057.74,
Occupied Palestinian Territory,2021,2928.24,4966.92,
Pakistan,2013,12568.74,435.16,123.67
Pakistan,2014,13635.74,443.93,134.87
Pakistan,2015,15494.82,493.98,150.77
Pakistan,2017,18827.00,566.21,178.53
Pakistan,2018,19192.73,562.74,157.54
Pakistan,2019,21544.74,581.62,143.60
Pakistan,2021,24068.18,573.11,147.74
Panama,2011,586.17,1059.52,586.17
Panama,2012,638.65,1178.48,638.65
Panama,2013,688.75,1239.51,688.75
Panama,2014,699.21,1267.83,699.21
Panama,2015,748.53,1404.90,748.53
Panama,2016,799.33,1549.70,799.33
Panama,2017,849.08,1671.25,849.08
Panama,2018,859.61,1720.20,859.61
Panama,2019,890.36,1820.48,890.36
Panama,2020,924.53,1943.80,924.53
Panama,2021,929.48,2013.19,929.48
Peru,2011,1099.15,696.02,399.09
Peru,2012,1188.57,755.94,450.63
Peru,2021,1638.27,866.34,422.17
Philippines,2012,10141.65,559.47,240.16
Philippines,2013,10631.89,568.98,250.48
Philippines,2014,11160.63,585.31,251.39
Philippines,2015,11497.64,603.91,252.68
Philippines,2016,12194.60,644.33,256.77
Philippines,2017,12630.92,651.33,250.60
Philippines,2018,13452.75,675.45,255.46
Philippines,2019,14623.31,729.44,282.33
Philippines,2020,15229.75,749.31,306.90
Philippines,2021,15528.29,771.43,315.27
Poland,2011,3403.51,1772.47,1148.73
Poland,2012,3530.47,1850.40,1084.12
Poland,2013,3659.40,1954.15,1157.81
Poland,2014,3777.10,2009.82,1197.35
Poland,2015,3907.85,2082.79,1036.70
Poland,2016,4047.21,2201.19,1026.49
Poland,2017,4283.73,2282.78,1133.46
Poland,2018,4589.91,2454.72,1270.84
Poland,2019,4920.09,2590.34,1281.48
Poland,2020,5167.47,2676.05,1325.08
Portugal,2011,811.00,1168.72,1128.88
Portugal,2012,813.00,1179.14,1044.53
Portugal,2013,808.00,1215.38,1073.12
Portugal,2014,1558.56,2335.65,2070.54
Portugal,2015,828.00,1230.25,918.68
Portugal,2016,839.00,1275.04,928.69
Portugal,2017,856.00,1283.11,967.01
Portugal,2018,888.00,1367.77,1048.69
Portugal,2019,1660.22,2577.57,1858.58
Portugal,2020,951.00,1459.69,1086.23
Portugal,2021,2005.43,3104.34,2371.90
Qatar,2011,7401.00,2473.50,2033.24
Qatar,2012,8654.00,2864.52,2377.47
Qatar,2013,9667.00,3186.45,2655.77
Qatar,2014,10483.00,3588.11,2879.95
Qatar,2015,10568.00,3526.64,2903.30
Qatar,2016,10793.00,3603.30,2965.11
Qatar,2017,11099.00,3836.75,3049.18
Qatar,2018,11121.00,3928.21,3055.22
Qatar,2019,11308.00,4093.94,3106.59
Qatar,2020,11554.00,4344.98,3174.18
Romania,2011,1980.00,1071.71,649.48
Romania,2012,2063.00,1101.49,594.83
Romania,2013,2163.00,1148.11,649.96
Romania,2014,2313.00,1224.54,690.62
Romania,2015,366.94,,
Romania,2016,2809.00,1543.69,692.01
Romania,2017,438.85,,
Romania,2018,4357.00,2279.30,1105.38
Romania,2019,4853.00,2516.75,1145.14
Romania,2020,5213.00,2670.46,1228.32
Romania,2021,954.47,,
Russian Federation,2017,38609.00,1493.53,661.76
Russian Federation,2019,44729.00,1686.36,690.93
Russian Federation,2021,57240.00,2106.40,777.14
Rwanda,2014,60387.79,227.07,88.56
Rwanda,2017,51797.82,176.36,62.29
Rwanda,2021,29915.06,99.88,30.26
Réunion,2012,2714.26,,3487.25
Samoa,2012,1332.25,701.22,581.18
Samoa,2017,1278.33,690.50,500.45
San Marino,2016,2115.00,,2341.10
San Marino,2017,2132.00,,2408.48
San Marino,2018,2154.00,,2543.78
San Marino,2019,2161.00,,2419.18
San Marino,2020,2049.00,,2340.36
San Marino,2021,2516.00,,2975.77
Saudi Arabia,2013,5580.00,3238.85,1488.00
Saudi Arabia,2014,6098.80,3791.91,1626.35
Saudi Arabia,2015,6413.25,3870.89,1710.20
Saudi Arabia,2016,6225.10,3520.26,1660.03
Saudi Arabia,2017,6093.01,3535.02,1624.80
Saudi Arabia,2018,6271.70,3638.14,1672.45
Saudi Arabia,2019,6313.00,3808.18,1683.47
Saudi Arabia,2020,6563.80,3874.80,1750.35
Senegal,2018,116837.50,499.39,210.35
Senegal,2019,85966.01,367.63,146.72
Serbia,2013,537.26,,
Serbia,2014,67308.00,1409.40,761.36
Serbia,2015,34561.90,,
Serbia,2016,35149.19,,
Serbia,2017,36138.30,,
Serbia,2018,38233.12,,
Serbia,2019,74160.00,1512.96,704.61
Serbia,2020,82515.00,1662.37,799.85
Serbia,2021,56789.35,,
Seychelles,2018,13298.13,1455.23,955.94
Seychelles,2019,14732.61,1612.30,1049.84
Sierra Leone,2018,2218298.67,920.12,279.68
Singapore,2011,4334.00,3967.83,3445.76
Singapore,2012,4433.00,4129.53,3547.32
Singapore,2013,4622.00,4186.56,3693.76
Singapore,2014,3770.00,3415.45,2975.42
Singapore,2015,4892.00,4467.36,3558.27
Singapore,2016,4056.00,3731.23,2935.84
Singapore,2017,4232.00,3916.76,3064.61
Singapore,2018,4437.00,4188.42,3289.49
Singapore,2019,4563.00,4360.77,3344.92
Singapore,2020,4534.00,4394.50,3286.12
Singapore,2021,4680.00,4642.11,3483.48
Slovakia,2011,855.00,1513.82,1190.12
Slovakia,2012,888.00,1559.35,1140.89
Slovakia,2013,912.00,1658.35,1211.24
Slovakia,2014,964.50,1769.90,1281.34
Slovakia,2015,997.00,1812.85,1106.18
Slovakia,2016,1044.00,1777.70,1155.61
Slovakia,2017,1101.49,1782.11,1244.33
Slovakia,2018,1175.28,1893.57,1387.95
Slovakia,2019,1262.00,1986.45,1412.78
Slovakia,2020,1351.01,2089.06,1543.12
Slovenia,2011,1582.00,2321.77,2202.07
Slovenia,2012,1963.00,2896.68,2522.04
Slovenia,2013,1976.19,2968.76,2624.62
Slovenia,2014,1582.00,2374.91,2101.69
Slovenia,2015,1652.00,2467.93,1832.92
Slovenia,2016,1686.00,2574.42,1866.24
Slovenia,2017,1722.00,2652.68,1945.31
Slovenia,2018,1778.00,2770.42,2099.74
Slovenia,2019,1851.00,2893.72,2072.15
Slovenia,2020,2295.39,3621.47,2621.78
Slovenia,2021,2443.08,3832.42,2889.53
South Africa,2013,8193.93,1502.17,848.67
Spain,2011,1841.75,2326.48,2563.63
Spain,2012,1850.26,2354.56,2377.19
Spain,2013,1869.11,2464.36,2482.40
Spain,2014,1881.32,2527.88,2499.34
Spain,2015,1893.70,2565.37,2101.08
Spain,2016,1878.09,2614.30,2078.86
Spain,2017,1971.00,2773.60,2226.60
Spain,2018,2001.00,2814.77,2363.09
Spain,2019,2435.81,3439.25,2726.83
Spain,2020,2626.70,3753.69,3000.21
Spain,2021,2593.19,3698.92,3067.07
Sri Lanka,2014,20622.35,425.95,157.95
Sri Lanka,2015,23924.72,476.05,176.10
Sri Lanka,2019,36468.98,648.14,204.03
Sri Lanka,2020,37032.15,627.64,199.53
Sudan,2011,451.90,308.51,169.46
Sweden,2011,3129.25,,
Sweden,2012,3496.86,,
Sweden,2013,3719.62,,
Sweden,2014,32558.00,3568.92,4745.52
Sweden,2015,32000.00,3440.37,3793.79
Sweden,2016,32800.00,3517.75,3830.88
Sweden,2017,33700.00,3553.39,3942.05
Sweden,2018,34600.00,3659.75,3980.43
Sweden,2019,35300.00,3685.14,3732.15
Sweden,2020,36100.00,3779.99,3919.52
Sweden,2021,3969.07,,
Switzerland,2011,5633.61,,
Switzerland,2012,6207.00,4120.69,6619.50
Switzerland,2013,5725.61,,
Switzerland,2014,7308.00,5100.63,7976.85
Switzerland,2015,5793.80,,
Switzerland,2016,7491.00,5421.09,7602.03
Switzerland,2017,5810.76,,
Switzerland,2018,7603.00,5621.53,7774.89
Switzerland,2019,5934.20,,
Switzerland,2020,6009.23,,
Switzerland,2021,6108.93,,
Tajikistan,2019,1335.52,,140.13
"Tanzania, United Republic of",2011,368589.00,626.02,236.66
"Tanzania, United Republic of",2012,356666.00,560.31,226.93
"Tanzania, United Republic of",2014,304324.00,430.48,184.08
"Tanzania, United Republic of",2020,425957.24,538.86,185.67
Thailand,2011,10340.00,810.43,339.11
Thailand,2012,11184.00,907.08,359.81
Thailand,2013,13638.31,1067.01,443.87
Thailand,2014,14218.87,1094.44,437.78
Thailand,2015,11106.65,855.41,324.30
Thailand,2017,12992.60,977.82,382.81
Thailand,2018,14922.80,1138.41,461.86
Thailand,2019,15128.27,1166.75,487.26
Thailand,2020,15342.49,1208.09,490.27
Thailand,2021,15534.33,1265.09,485.80
Timor-Leste,2013,412.77,759.34,412.77
Timor-Leste,2016,324.05,716.47,324.05
Timor-Leste,2021,257.59,,257.59
Togo,2017,89279.32,362.05,153.76
Tonga,2018,1334.41,759.53,596.63
Tonga,2021,1287.28,,568.34
Türkiye,2011,1144.20,996.45,683.12
Türkiye,2012,1286.27,1045.36,716.19
Türkiye,2013,1410.37,1087.12,740.83
Türkiye,2014,2211.00,1614.64,1010.26
Türkiye,2015,1683.98,1164.84,619.11
Türkiye,2016,1973.20,1268.81,653.35
Türkiye,2017,2141.93,1254.20,587.13
Türkiye,2018,3960.00,2054.69,820.15
Türkiye,2019,4166.28,1885.89,734.30
Türkiye,2020,4951.76,1973.90,706.53
Türkiye,2021,4025.44,1319.63,454.83
Uganda,2012,265557.97,261.04,106.03
Uganda,2017,383573.20,314.12,106.22
Uganda,2021,580417.62,471.43,161.81
Ukraine,2013,3265.00,987.91,408.48
Ukraine,2014,3480.00,973.04,292.77
Ukraine,2015,4195.00,761.88,192.04
Ukraine,2016,5183.00,844.15,202.85
Ukraine,2017,7104.00,1014.03,267.10
Ukraine,2018,8865.00,1168.34,325.91
Ukraine,2019,10497.00,1305.54,406.14
Ukraine,2020,11591.00,1420.57,429.97
Ukraine,2021,14014.00,1644.26,513.59
United Kingdom,2011,2117.00,2722.21,3391.86
United Kingdom,2012,2130.00,2705.77,3364.68
United Kingdom,2013,2182.00,2751.98,3411.18
United Kingdom,2014,3394.14,,
United Kingdom,2015,2208.00,2740.14,3373.33
United Kingdom,2016,2281.00,2892.46,3079.79
United Kingdom,2017,2341.00,2975.40,3012.96
United Kingdom,2018,2411.00,3098.72,3216.68
United Kingdom,2019,2482.00,3187.02,3168.06
United Kingdom,2020,2451.00,3124.32,3142.31
United States,2011,3433.60,3433.60,3433.60
United States,2012,3512.33,3512.33,3512.33
United States,2013,3578.78,3578.78,3578.78
United States,2014,3623.50,3623.50,3623.50
United States,2015,3728.37,3728.37,3728.37
United States,2016,3834.60,3834.60,3834.60
United States,2017,3955.18,3955.18,3955.18
United States,2018,4088.47,4088.47,4088.47
United States,2019,4233.08,4233.08,4233.08
United States,2020,4502.19,4502.19,4502.19
United States,2021,4600.13,4600.13,4600.13
United States,2022,4844.62,4844.62,4844.62
Uruguay,2011,16207.06,975.83,839.13
Uruguay,2012,17979.65,1051.43,885.24
Uruguay,2013,20207.96,1079.48,986.64
Uruguay,2014,22932.93,1135.65,986.53
Uruguay,2015,25231.88,1156.22,923.32
Uruguay,2016,25950.03,1101.47,860.34
Uruguay,2017,30239.28,1216.66,1054.50
Uruguay,2018,32084.57,1228.96,1044.24
Uruguay,2019,34682.01,1253.70,983.74
Uruguay,2020,36968.46,1232.59,879.92
Uzbekistan,2011,628020.00,995.29,
Uzbekistan,2012,739670.88,1006.93,
Uzbekistan,2013,865950.92,1008.40,413.34
Uzbekistan,2014,1007928.85,1029.76,436.15
Uzbekistan,2015,1171669.26,1040.54,456.26
Uzbekistan,2016,1293764.27,1006.82,436.31
Uzbekistan,2017,1457777.99,958.13,285.06
Uzbekistan,2018,1822687.40,1044.24,225.87
Uzbekistan,2019,2324614.66,1183.96,263.06
Uzbekistan,2020,2673284.53,1221.20,265.89
Uzbekistan,2021,3214812.90,1387.08,303.01
Viet Nam,2011,3112675.59,413.46,151.77
Viet Nam,2012,3739062.14,494.03,179.52
Viet Nam,2013,4092625.83,514.60,195.51
Viet Nam,2014,4461659.20,556.78,210.97
Viet Nam,2015,5101539.74,654.95,235.12
Viet Nam,2016,5456969.19,707.19,248.78
Viet Nam,2017,5360535.59,686.58,239.63
Viet Nam,2018,5761241.25,730.08,254.90
Viet Nam,2019,6645391.30,834.07,288.30
Viet Nam,2020,6873959.59,846.14,296.18
Viet Nam,2021,6746287.84,853.78,291.29
Zambia,2017,3931.95,930.90,413.11
Zambia,2018,2834.38,639.51,271.02
Zambia,2019,2947.29,620.28,228.66
Zambia,2020,2994.62,551.28,163.25
Zambia,2021,3205.51,506.33,160.13
Zimbabwe,2011,230.59,430.68,
Zimbabwe,2014,316.93,597.39,
Zimbabwe,2015,763.58,1500.86,
Zimbabwe,2019,308.08,17.34,
