Country,Year,Min Wage (Local currency),Min Wage (2017 PPP $),Min Wage (U.S. dollars)
Afghanistan,2011,5000.00,297.83,106.96
Afghanistan,2012,5000.00,292.57,98.19
Afghanistan,2013,5000.00,283.19,90.29
Afghanistan,2014,5000.00,281.65,87.34
Afghanistan,2015,5000.00,290.79,81.77
Afghanistan,2016,5000.00,288.98,73.67
Afghanistan,2017,5500.00,316.82,80.85
Afghanistan,2018,5500.00,322.54,76.30
Afghanistan,2019,5500.00,320.99,70.75
Afghanistan,2020,5500.00,,71.60
Afghanistan,2021,5500.00,,
Afghanistan,2022,5500.00,,
Albania,2011,20000.00,359.79,198.22
Albania,2012,21000.00,389.88,194.11
Albania,2013,22000.00,406.13,208.20
Albania,2014,22000.00,405.51,208.57
Albania,2015,22000.00,418.85,174.66
Albania,2016,22000.00,415.99,177.22
Albania,2017,24000.00,454.84,201.51
Albania,2018,24000.00,457.61,222.24
Albania,2019,26000.00,499.38,236.68
Albania,2020,26000.00,499.07,239.30
Albania,2021,30000.00,557.00,289.80
Albania,2022,32000.00,524.81,282.48
Algeria,2011,15000.00,475.92,205.65
Algeria,2012,18000.00,550.98,232.15
Algeria,2013,18000.00,530.54,226.79
Algeria,2014,18000.00,521.41,223.38
Algeria,2015,18000.00,504.97,178.76
Algeria,2016,18000.00,487.70,164.47
Algeria,2017,18000.00,471.08,162.20
Algeria,2018,18000.00,462.83,154.38
Algeria,2019,18000.00,462.19,150.81
Algeria,2020,20000.00,507.62,157.76
Algeria,2021,20000.00,495.66,148.08
Algeria,2022,20000.00,671.88,140.14
Andorra,2015,975.87,,1082.74
Angola,2011,9371.00,115.79,99.76
Angola,2012,11854.30,150.77,124.17
Angola,2013,11854.30,149.04,122.82
Angola,2014,15003.00,193.67,152.62
Angola,2015,15003.00,192.88,124.96
Angola,2016,15003.00,163.74,91.67
Angola,2017,16503.30,153.85,99.47
Angola,2018,16503.30,131.75,65.27
Angola,2019,21454.00,148.93,58.81
Angola,2020,21454.00,123.31,37.10
Angola,2021,21454.00,102.66,33.98
Angola,2022,32181.15,91.66,71.17
Antigua and Barbuda,2011,1560.00,708.48,577.78
Antigua and Barbuda,2012,1560.00,722.74,577.78
Antigua and Barbuda,2013,1705.60,761.05,631.70
Antigua and Barbuda,2014,1705.60,745.56,631.70
Antigua and Barbuda,2015,1705.60,719.67,631.70
Antigua and Barbuda,2016,1705.60,722.51,631.70
Antigua and Barbuda,2017,1705.60,691.05,631.70
Antigua and Barbuda,2018,1705.60,699.49,631.70
Antigua and Barbuda,2019,1705.60,702.12,631.70
Antigua and Barbuda,2020,1705.60,706.35,631.70
Antigua and Barbuda,2021,1705.60,724.59,631.70
Antigua and Barbuda,2022,1705.60,,631.70
Argentina,2011,2300.00,727.58,559.59
Argentina,2012,2670.00,728.68,588.50
Argentina,2013,3300.00,723.35,604.47
Argentina,2014,4400.00,691.84,544.87
Argentina,2015,5588.00,702.87,605.21
Argentina,2016,7560.00,699.32,512.26
Argentina,2017,8860.00,819.77,534.94
Argentina,2018,11300.00,797.65,402.21
Argentina,2019,16875.00,789.83,350.48
Argentina,2020,16875.00,563.02,239.23
Argentina,2021,32000.00,753.19,336.87
Argentina,2022,57900.00,,482.64
Armenia,2011,32500.00,196.22,87.25
Armenia,2012,32500.00,205.43,80.89
Armenia,2013,45000.00,251.35,109.86
Armenia,2014,50000.00,271.65,120.22
Armenia,2015,55000.00,295.97,115.08
Armenia,2016,55000.00,316.55,114.47
Armenia,2017,55000.00,328.73,113.94
Armenia,2018,55000.00,328.48,113.87
Armenia,2019,55000.00,329.67,114.48
Armenia,2020,68000.00,407.68,139.06
Armenia,2021,68000.00,398.22,134.98
Armenia,2022,68000.00,394.87,153.22
Australia,2011,2553.63,1672.71,2634.07
Australia,2012,2627.73,1699.48,2720.78
Australia,2013,2696.20,1775.97,2602.90
Australia,2014,2777.23,1814.93,2503.45
Australia,2015,2846.57,1841.89,2138.52
Australia,2016,2915.03,1901.15,2166.97
Australia,2017,3011.23,1926.72,2307.89
Australia,2018,3116.53,2003.75,2328.53
Australia,2019,3210.13,2058.71,2231.57
Australia,2020,3266.47,2061.60,2247.95
Australia,2021,3347.93,2130.83,2514.93
Australia,2022,3520.57,,2461.53
Azerbaijan,2011,93.50,289.08,118.40
Azerbaijan,2012,93.50,310.08,119.01
Azerbaijan,2013,105.00,322.73,133.84
Azerbaijan,2014,105.00,324.84,133.87
Azerbaijan,2015,105.00,292.27,102.48
Azerbaijan,2016,105.00,252.00,65.80
Azerbaijan,2017,116.00,238.21,67.40
Azerbaijan,2018,130.00,267.41,76.47
Azerbaijan,2019,250.00,510.26,147.06
Azerbaijan,2020,250.00,502.68,147.06
Azerbaijan,2021,250.00,493.47,147.06
Azerbaijan,2022,300.00,566.84,176.47
Bahamas,2011,650.00,577.66,650.00
Bahamas,2012,650.00,602.97,650.00
Bahamas,2013,650.00,596.70,650.00
Bahamas,2014,650.00,594.82,650.00
Bahamas,2015,910.00,812.15,910.00
Bahamas,2016,910.00,827.53,910.00
Bahamas,2017,910.00,825.13,910.00
Bahamas,2018,910.00,826.55,910.00
Bahamas,2019,910.00,821.07,910.00
Bahamas,2020,910.00,830.88,910.00
Bahamas,2021,910.00,845.37,910.00
Bahamas,2022,910.00,809.72,910.00
Bahrain,2011,300.00,1679.47,797.87
Bangladesh,2011,1500.00,60.65,20.23
Bangladesh,2012,1500.00,61.44,18.32
Bangladesh,2013,1500.00,57.97,19.21
Bangladesh,2014,1500.00,55.92,19.32
Bangladesh,2015,1500.00,53.84,19.24
Bangladesh,2016,1500.00,52.68,19.12
Bangladesh,2017,1500.00,50.82,18.65
Bangladesh,2018,1500.00,49.33,17.97
Bangladesh,2019,1500.00,47.56,17.76
Bangladesh,2020,1500.00,45.56,17.67
Bangladesh,2021,1500.00,45.19,17.63
Bangladesh,2022,1500.00,67.39,16.58
Barbados,2011,866.67,362.15,433.33
Barbados,2012,1083.33,457.53,541.67
Barbados,2013,1083.33,446.13,541.67
Barbados,2014,1083.33,442.70,541.67
Barbados,2015,1083.33,460.30,541.67
Barbados,2016,1083.33,470.81,541.67
Barbados,2017,1083.33,457.00,541.67
Barbados,2018,1083.33,451.57,541.67
Barbados,2019,1083.33,441.65,541.67
Barbados,2020,1083.33,,541.67
Barbados,2021,1473.33,,736.67
Barbados,2022,1473.33,,736.67
Belarus,2011,925520.00,4995639.08,186.05
Belarus,2012,1171610.00,4135632.25,140.53
Belarus,2013,1532230.00,4131689.45,172.55
Belarus,2014,1841483.00,4052714.36,
Belarus,2015,2180058.00,4160855.81,
Belarus,2016,239.42,,120.34
Belarus,2017,265.00,,137.14
Belarus,2018,305.00,,149.69
Belarus,2019,330.00,,157.76
Belarus,2020,375.00,,153.72
Belarus,2021,375.00,,147.71
Belarus,2022,482.29,,178.78
Belgium,2011,1443.54,1639.05,2009.34
Belgium,2012,1472.42,1667.29,1891.75
Belgium,2013,1501.82,1723.79,1994.59
Belgium,2014,1501.82,1746.52,1995.17
Belgium,2015,1501.82,1735.52,1666.29
Belgium,2016,1531.93,1793.78,1695.70
Belgium,2017,1562.59,1822.99,1765.23
Belgium,2018,1562.59,1851.70,1845.35
Belgium,2019,1593.81,1881.82,1784.23
Belgium,2020,1625.72,1927.01,1856.89
Belgium,2021,1625.72,1983.17,1922.80
Belgium,2022,1842.28,2045.28,1942.04
Belize,2011,604.50,514.90,302.25
Belize,2012,643.50,555.42,321.75
Belize,2013,643.50,519.97,321.75
Belize,2014,643.50,493.90,321.75
Belize,2015,643.50,476.31,321.75
Belize,2016,643.50,458.06,321.75
Belize,2017,643.50,435.68,321.75
Belize,2018,643.50,445.12,321.75
Belize,2019,643.50,452.34,321.75
Belize,2020,643.50,457.36,321.75
Belize,2021,643.50,463.84,321.75
Belize,2022,643.50,,321.75
Benin,2011,31625.00,140.30,67.02
Benin,2012,31625.00,139.64,61.95
Benin,2013,31625.00,137.97,64.01
Benin,2014,40000.00,178.22,
Benin,2015,40000.00,180.18,
Benin,2016,40000.00,185.23,
Benin,2017,40000.00,182.25,
Benin,2018,40000.00,185.51,
Benin,2019,40000.00,190.21,68.27
Benin,2020,40000.00,186.91,69.65
Benin,2021,40000.00,192.35,72.12
Benin,2022,40000.00,188.30,
Bhutan,2011,3000.00,176.02,64.28
Bhutan,2012,3000.00,172.34,56.14
Bhutan,2013,3000.00,160.21,51.20
Bhutan,2014,3750.00,191.44,61.45
Bhutan,2016,4654.75,235.93,69.27
Bhutan,2017,4654.75,227.35,71.48
Bhutan,2018,4654.75,226.73,68.06
Bhutan,2019,4654.75,224.71,66.10
Bhutan,2020,4654.75,215.36,62.82
Bolivia,2011,815.40,282.05,117.54
Bolivia,2012,1000.00,364.94,144.72
Bolivia,2013,1200.00,431.35,173.66
Bolivia,2014,1440.00,519.92,208.39
Bolivia,2015,1656.00,605.95,239.65
Bolivia,2016,1805.00,677.32,261.22
Bolivia,2017,2000.00,765.72,289.44
Bolivia,2018,2060.00,790.00,298.12
Bolivia,2019,2122.00,813.56,307.09
Bolivia,2020,2122.00,815.92,307.09
Bolivia,2021,2164.00,864.78,313.17
Bolivia,2022,2250.00,666.80,
Bosnia and Herzegovina,2016,406.00,516.94,229.62
Bosnia and Herzegovina,2017,406.00,508.05,233.96
Bosnia and Herzegovina,2018,406.00,514.98,245.02
Bosnia and Herzegovina,2019,406.00,514.82,232.39
Bosnia and Herzegovina,2020,406.00,519.25,236.46
Bosnia and Herzegovina,2021,406.00,514.61,245.52
Bosnia and Herzegovina,2022,543.00,675.84,
Botswana,2011,790.40,185.46,115.59
Botswana,2012,873.60,200.79,114.66
Botswana,2013,936.00,203.70,111.44
Botswana,2014,1010.88,214.11,112.62
Botswana,2015,1010.88,209.95,99.80
Botswana,2016,1204.32,246.97,110.48
Botswana,2017,1204.32,240.45,116.39
Botswana,2018,1204.32,238.59,118.07
Botswana,2019,1408.16,276.37,130.92
Botswana,2020,1408.16,274.59,122.92
Botswana,2021,1408.16,268.08,127.01
Botswana,2022,1526.72,191.01,
Brazil,2011,545.00,330.06,325.80
Brazil,2012,622.00,374.10,318.47
Brazil,2013,678.00,378.42,314.46
Brazil,2014,724.00,380.90,307.70
Brazil,2015,788.00,378.31,236.86
Brazil,2016,880.00,391.28,252.05
Brazil,2017,937.00,402.60,293.60
Brazil,2018,954.00,405.07,261.10
Brazil,2019,998.00,415.91,253.01
Brazil,2020,1045.00,427.15,202.71
Brazil,2021,1100.00,434.67,203.92
Brazil,2022,1212.00,14734.99,
Bulgaria,2011,240.00,297.74,170.64
Bulgaria,2012,290.00,361.28,190.53
Bulgaria,2013,310.00,400.34,210.37
Bulgaria,2014,340.00,455.63,230.64
Bulgaria,2015,380.00,502.07,215.37
Bulgaria,2016,420.00,573.75,237.55
Bulgaria,2017,460.00,612.46,265.06
Bulgaria,2018,510.00,684.04,307.78
Bulgaria,2019,560.00,729.86,320.54
Bulgaria,2020,610.00,763.82,355.41
Bulgaria,2021,650.00,827.30,393.04
Bulgaria,2022,710.00,919.47,
Burkina Faso,2011,30684.00,137.55,65.11
Burkina Faso,2012,34664.00,153.97,67.89
Burkina Faso,2013,34664.00,155.70,70.18
Burkina Faso,2014,34664.00,155.70,70.20
Burkina Faso,2015,34664.00,159.73,58.63
Burkina Faso,2016,34664.00,169.21,58.49
Burkina Faso,2017,34664.00,173.54,59.70
Burkina Faso,2018,34664.00,174.37,62.41
Burkina Faso,2019,34664.00,183.46,59.16
Burkina Faso,2020,34664.00,182.29,60.22
Burkina Faso,2021,34664.00,184.13,62.51
Burkina Faso,2022,34664.00,163.94,
Burundi,2011,3466.67,6.99,2.75
Burundi,2012,3466.67,6.55,2.40
Burundi,2013,3466.67,6.19,2.23
Burundi,2014,3466.67,6.14,
Burundi,2015,3466.67,6.02,
Burundi,2016,3466.67,5.92,
Burundi,2017,3466.67,5.30,
Burundi,2018,3466.67,5.58,
Burundi,2019,3466.67,5.72,1.88
Burundi,2020,3466.67,5.40,1.81
Burundi,2021,3466.67,5.22,1.75
Burundi,2022,3466.67,2.94,
Cambodia,2011,61.00,,61.00
Cambodia,2012,61.00,,61.00
Cambodia,2013,80.00,,80.00
Cambodia,2014,100.00,,100.00
Cambodia,2015,128.00,,128.00
Cambodia,2016,140.00,,140.00
Cambodia,2017,153.00,,153.00
Cambodia,2018,170.00,,170.00
Cambodia,2019,182.00,,182.00
Cambodia,2020,190.00,,190.00
Cambodia,2021,192.00,,192.00
Cambodia,2022,194.00,,194.00
Cameroon,2011,28216.00,116.27,59.87
Cameroon,2012,28216.00,119.66,55.27
Cameroon,2013,28216.00,117.01,57.13
Cameroon,2014,36270.00,151.04,73.46
Cameroon,2015,36270.00,149.23,61.35
Cameroon,2016,36270.00,151.68,61.20
Cameroon,2017,36270.00,153.10,62.46
Cameroon,2018,36270.00,155.17,65.30
Cameroon,2019,36270.00,154.20,61.90
Cameroon,2020,36270.00,152.39,63.01
Cameroon,2021,36270.00,156.00,65.41
Cameroon,2022,36270.00,155.98,
Canada,2011,1516.67,1180.67,1533.14
Canada,2012,1606.80,1251.24,1607.82
Canada,2013,1646.67,1263.68,1598.49
Canada,2014,1733.33,1321.87,1568.99
Canada,2015,1785.33,1332.06,1396.12
Canada,2016,1820.00,1399.20,1372.95
Canada,2017,1864.00,1435.55,1436.13
Canada,2018,1907.00,1489.03,1471.66
Canada,2019,1933.00,1479.34,1456.90
Canada,2020,2080.00,1593.03,1550.90
Canada,2021,2340.00,1766.85,1866.21
Canada,2022,2470.00,2280.86,
Cabo Verde,2014,11000.00,218.24,132.48
Cabo Verde,2015,11000.00,220.62,110.68
Cabo Verde,2016,11000.00,224.68,110.34
Cabo Verde,2017,11000.00,231.03,112.47
Cabo Verde,2018,13000.00,276.24,139.17
Cabo Verde,2019,13000.00,278.16,131.99
Cabo Verde,2020,13000.00,279.90,134.30
Cabo Verde,2021,13000.00,287.69,139.46
Cabo Verde,2022,13000.00,,
Central African Republic,2011,35000.00,131.75,74.27
Central African Republic,2012,35000.00,133.68,68.55
Central African Republic,2013,35000.00,133.15,70.86
Central African Republic,2014,35000.00,116.61,70.89
Central African Republic,2015,35000.00,117.45,59.20
Central African Republic,2016,35000.00,118.41,59.06
Central African Republic,2017,35000.00,114.08,60.28
Central African Republic,2018,35000.00,115.01,63.01
Central African Republic,2019,35000.00,114.03,59.74
Central African Republic,2020,35000.00,112.84,60.81
Central African Republic,2021,35000.00,113.98,63.12
Central African Republic,2022,35000.00,,
Chad,2011,60000.00,239.76,127.32
Chad,2012,60000.00,224.12,117.52
Chad,2013,60000.00,201.35,121.48
Chad,2014,60000.00,204.57,121.52
Chad,2015,60000.00,243.19,101.49
Chad,2016,60000.00,250.17,101.25
Chad,2017,60000.00,252.47,103.33
Chad,2018,60000.00,248.03,108.02
Chad,2019,60000.00,255.00,102.40
Chad,2020,60000.00,247.12,104.24
Chad,2021,60000.00,260.74,108.20
Chad,2022,60000.00,,
China,2011,1015.00,274.51,157.09
China,2012,1137.50,310.33,180.20
China,2013,1295.00,337.45,209.01
China,2014,1370.00,347.29,223.00
China,2015,1525.00,378.68,244.88
China,2016,1540.00,375.32,231.77
China,2017,1655.00,399.12,244.87
China,2018,1690.00,409.03,255.44
China,2019,1780.00,426.26,257.66
China,2020,1790.00,423.69,259.39
China,2021,1850.00,454.01,286.87
China,2022,1930.00,390.36,
Colombia,2011,532500.00,439.72,288.13
Colombia,2012,566700.00,476.42,315.38
Colombia,2013,589500.00,482.84,315.45
Colombia,2014,616000.00,493.19,307.73
Colombia,2015,644350.00,493.46,235.00
Colombia,2016,689455.00,491.31,225.75
Colombia,2017,737717.00,502.78,249.96
Colombia,2018,781242.00,530.14,264.32
Colombia,2019,828116.00,558.27,252.41
Colombia,2020,877803.00,577.36,237.57
Colombia,2021,908526.00,579.62,242.69
Colombia,2022,1000000.00,476.60,
Comoros,2011,30000.00,127.33,84.88
Comoros,2012,55000.00,246.82,143.63
Comoros,2013,55000.00,243.44,148.48
Comoros,2014,55000.00,245.89,148.52
Comoros,2015,55000.00,246.74,124.04
Comoros,2016,55000.00,251.47,123.75
Comoros,2017,55000.00,257.59,126.29
Comoros,2018,55000.00,,132.03
Comoros,2019,55000.00,,125.15
Comoros,2020,55000.00,,127.69
Comoros,2021,55000.00,,132.23
Comoros,2022,55000.00,,
Congo,2011,50400.00,165.94,106.95
Congo,2012,50400.00,171.91,98.72
Congo,2013,90000.00,298.68,182.22
Congo,2014,90000.00,303.36,182.28
Congo,2015,90000.00,305.52,152.23
Congo,2016,90000.00,305.24,151.87
Congo,2017,90000.00,314.72,155.00
Congo,2018,90000.00,318.73,162.03
Congo,2019,90000.00,317.50,153.61
Congo,2020,90000.00,315.75,156.36
Congo,2021,90000.00,325.01,162.30
Congo,2022,90000.00,273.06,
"Congo, Democratic Republic of the",2011,43680.00,79.89,47.50
"Congo, Democratic Republic of the",2012,43680.00,78.16,47.49
"Congo, Democratic Republic of the",2013,43680.00,78.94,47.50
"Congo, Democratic Republic of the",2014,43680.00,82.54,47.21
"Congo, Democratic Republic of the",2015,43680.00,86.68,47.17
"Congo, Democratic Republic of the",2016,43680.00,89.41,43.23
"Congo, Democratic Republic of the",2017,43680.00,69.27,29.83
"Congo, Democratic Republic of the",2018,183950.00,,113.37
"Congo, Democratic Republic of the",2019,183950.00,,111.64
"Congo, Democratic Republic of the",2020,183950.00,,99.37
"Congo, Democratic Republic of the",2021,183950.00,,92.47
"Congo, Democratic Republic of the",2022,183950.00,,
Cook Islands,2011,1040.00,,
Cook Islands,2012,1040.00,,
Cook Islands,2013,1040.00,,
Cook Islands,2014,1248.00,,
Cook Islands,2015,1300.00,,
Cook Islands,2016,1300.00,,
Cook Islands,2017,1456.00,,
Cook Islands,2018,1508.00,,
Cook Islands,2019,1580.80,,
Cook Islands,2020,1664.00,,
Cook Islands,2021,1664.00,,
Cook Islands,2022,1664.00,,
Costa Rica,2011,165440.21,473.49,327.17
Costa Rica,2012,175805.14,507.77,349.58
Costa Rica,2013,186595.29,507.53,373.36
Costa Rica,2014,266942.69,702.66,495.88
Costa Rica,2015,286467.36,756.24,535.89
Costa Rica,2016,293132.67,809.25,538.12
Costa Rica,2017,293132.67,811.76,516.52
Costa Rica,2018,300225.79,831.08,520.35
Costa Rica,2019,309143.36,860.48,526.39
Costa Rica,2020,316964.00,879.48,541.91
Costa Rica,2021,317915.58,887.29,512.12
Costa Rica,2022,324560.01,718.21,
Croatia,2011,373.48,87.04,69.89
Croatia,2012,373.48,88.20,63.84
Croatia,2013,396.15,95.84,69.44
Croatia,2014,400.51,99.10,69.68
Croatia,2015,402.09,100.08,58.63
Croatia,2016,414.10,106.44,60.84
Croatia,2017,434.80,112.18,65.64
Croatia,2018,456.54,118.44,72.71
Croatia,2019,497.71,128.18,75.15
Croatia,2020,539.19,140.57,81.52
Croatia,2021,564.07,145.79,88.69
Croatia,2022,622.14,154.39,
Cuba,2011,225.00,,
Cuba,2012,225.00,,
Cuba,2013,225.00,,
Cuba,2014,225.00,,
Cuba,2015,225.00,,
Cuba,2016,225.00,,
Cuba,2017,225.00,,
Cuba,2018,225.00,,
Cuba,2019,400.00,,
Cyprus,2011,855.00,1121.27,1190.12
Cyprus,2012,855.00,1113.61,1098.49
Cyprus,2013,855.00,1143.28,1135.54
Cyprus,2014,870.00,1187.48,1155.80
Cyprus,2015,870.00,1211.96,965.28
Cyprus,2016,870.00,1289.74,963.01
Cyprus,2017,870.00,1291.22,982.82
Cyprus,2018,870.00,1306.32,1027.43
Cyprus,2019,870.00,1296.24,973.94
Cyprus,2020,870.00,1325.45,993.71
Cyprus,2021,870.00,1327.36,1028.98
Cyprus,2022,870.00,1353.20,917.11
Czechia,2011,8000.00,548.16,452.08
Czechia,2012,8000.00,546.00,408.63
Czechia,2013,8000.00,563.38,408.78
Czechia,2014,8500.00,610.26,409.49
Czechia,2015,9200.00,648.40,374.00
Czechia,2016,9900.00,711.76,405.08
Czechia,2017,11000.00,789.92,470.56
Czechia,2018,12200.00,873.48,561.44
Czechia,2019,13350.00,941.50,582.15
Czechia,2020,14600.00,996.21,629.03
Czechia,2021,15200.00,1029.32,701.17
Czechia,2022,16200.00,1001.01,
Côte d'Ivoire,2011,36607.00,150.36,77.68
Côte d'Ivoire,2012,36607.00,155.48,71.70
Côte d'Ivoire,2013,60000.00,245.92,121.48
Côte d'Ivoire,2014,60000.00,246.71,121.52
Côte d'Ivoire,2015,60000.00,243.67,101.49
Côte d'Ivoire,2016,60000.00,243.89,101.25
Côte d'Ivoire,2017,60000.00,242.78,103.33
Côte d'Ivoire,2018,60000.00,247.82,108.02
Côte d'Ivoire,2019,60000.00,255.14,102.40
Côte d'Ivoire,2020,60000.00,252.17,104.24
Côte d'Ivoire,2021,60000.00,253.64,108.20
Côte d'Ivoire,2022,60000.00,242.82,
Dominica,2011,832.00,408.78,308.15
Dominica,2012,832.00,433.71,308.15
Dominica,2013,832.00,431.33,308.15
Dominica,2014,832.00,433.38,308.15
Dominica,2015,832.00,436.56,308.15
Dominica,2016,832.00,441.42,308.15
Dominica,2017,832.00,443.44,308.15
Dominica,2018,832.00,449.82,308.15
Dominica,2019,832.00,451.18,308.15
Dominica,2020,832.00,460.09,308.15
Dominica,2021,1560.00,898.56,577.78
Dominica,2022,1560.00,,
Egypt,2011,700.00,408.24,117.99
Egypt,2012,700.00,405.50,115.59
Egypt,2013,700.00,365.43,101.89
Egypt,2022,3000.00,243.62,
Equatorial Guinea,2011,117304.00,357.54,248.60
Equatorial Guinea,2012,117304.00,371.88,229.77
Equatorial Guinea,2013,117304.00,367.06,237.44
Equatorial Guinea,2014,117304.00,365.68,237.57
Equatorial Guinea,2015,117304.00,371.47,198.41
Equatorial Guinea,2016,117304.00,374.36,197.95
Equatorial Guinea,2017,117304.00,385.50,202.02
Equatorial Guinea,2018,117304.00,389.66,211.19
Equatorial Guinea,2019,117304.00,391.87,200.21
Equatorial Guinea,2020,117304.00,378.64,203.80
Equatorial Guinea,2021,117304.00,,211.54
Equatorial Guinea,2022,117304.00,,
Estonia,2011,278.02,472.96,386.99
Estonia,2012,290.00,484.90,372.59
Estonia,2013,320.00,534.96,425.00
Estonia,2014,355.00,592.68,471.62
Estonia,2015,390.00,646.54,432.71
Estonia,2016,430.00,724.32,475.97
Estonia,2017,470.00,774.91,530.95
Estonia,2018,500.00,813.19,590.48
Estonia,2019,540.00,860.46,604.52
Estonia,2020,584.00,954.02,667.04
Estonia,2021,584.00,933.35,690.72
Estonia,2022,654.00,1725.14,689.41
Eswatini,2011,420.00,102.13,57.84
Eswatini,2012,420.00,96.39,51.16
Eswatini,2013,420.00,89.63,43.50
Eswatini,2014,420.00,84.01,38.70
Eswatini,2015,420.00,79.23,32.92
Eswatini,2016,420.00,73.04,28.55
Eswatini,2017,420.00,68.65,31.52
Eswatini,2018,420.00,67.10,31.74
Eswatini,2019,420.00,66.59,29.06
Eswatini,2020,420.00,,25.50
Eswatini,2021,420.00,,28.41
Eswatini,2022,420.00,,
Ethiopia,2011,420.00,75.34,24.85
Fiji,2011,572.00,562.86,319.40
Fiji,2012,628.16,649.06,350.95
Fiji,2013,628.16,635.44,341.12
Fiji,2014,628.16,642.78,332.83
Fiji,2015,655.20,673.86,312.35
Fiji,2016,655.20,671.94,312.79
Fiji,2017,682.24,691.97,330.08
Fiji,2018,682.24,681.07,326.84
Fiji,2019,682.24,681.33,315.79
Fiji,2020,682.24,708.11,314.57
Fiji,2021,682.24,740.23,329.48
Fiji,2022,819.52,,
France,2011,1365.00,1546.45,1900.02
France,2012,1425.67,1608.23,1831.68
France,2013,1430.22,1660.94,1899.50
France,2014,1445.38,1681.71,1920.19
France,2015,1457.52,1671.58,1617.14
France,2016,1466.62,1731.25,1623.41
France,2017,1480.27,1745.94,1672.23
France,2018,1498.47,1786.91,1769.62
France,2019,1521.22,1823.10,1702.97
France,2020,1539.42,1842.75,1758.32
France,2021,1554.58,1911.03,1838.66
France,2022,1645.58,2068.92,1734.69
Gabon,2011,150000.00,417.43,318.30
Gabon,2012,150000.00,431.26,293.80
Gabon,2013,150000.00,438.45,303.71
Gabon,2014,150000.00,435.90,303.79
Gabon,2015,150000.00,450.90,253.72
Gabon,2016,150000.00,464.96,253.12
Gabon,2017,150000.00,469.98,258.33
Gabon,2018,150000.00,459.63,270.05
Gabon,2019,150000.00,458.67,256.01
Gabon,2020,150000.00,458.04,260.60
Gabon,2021,150000.00,,270.50
Gabon,2022,150000.00,,
Gambia,2011,1300.00,119.14,44.13
Gambia,2012,1300.00,117.65,40.53
Gambia,2013,1300.00,108.55,36.15
Gambia,2014,1300.00,101.64,31.15
Gambia,2015,1300.00,95.80,30.58
Gambia,2016,1300.00,91.20,29.62
Gambia,2017,1300.00,86.01,27.89
Gambia,2018,1300.00,82.72,27.00
Gambia,2019,1300.00,78.62,25.97
Gambia,2020,1300.00,75.14,25.24
Gambia,2021,1300.00,73.27,25.25
Gambia,2022,1300.00,,
Georgia,2011,20.00,23.95,11.86
Georgia,2012,20.00,26.16,12.11
Georgia,2013,20.00,25.62,12.02
Georgia,2014,20.00,24.87,11.33
Georgia,2015,20.00,23.68,8.81
Georgia,2016,20.00,23.26,8.45
Georgia,2017,20.00,21.63,7.97
Georgia,2018,20.00,21.59,7.89
Georgia,2019,20.00,20.97,7.10
Georgia,2020,20.00,20.18,6.43
Georgia,2021,20.00,19.28,6.21
Georgia,2022,20.00,,
Germany,2015,1444.00,1733.67,1602.14
Germany,2016,1444.00,1789.37,1598.37
Germany,2017,1506.00,1884.44,1701.30
Germany,2018,1506.00,1926.90,1778.52
Germany,2019,1561.00,1977.13,1747.50
Germany,2020,1544.00,1948.26,1763.55
Germany,2021,1602.00,2053.32,1894.75
Germany,2022,1730.00,2235.01,1823.68
Ghana,2011,100.71,129.30,66.61
Ghana,2012,120.96,146.85,67.36
Ghana,2013,141.48,149.30,72.40
Ghana,2014,156.00,138.29,53.80
Ghana,2015,182.00,135.90,49.62
Ghana,2016,208.00,135.20,53.20
Ghana,2017,228.80,130.67,52.59
Ghana,2018,251.68,146.65,54.87
Ghana,2019,276.90,153.27,53.08
Ghana,2020,307.32,156.62,54.92
Ghana,2021,325.78,147.35,56.11
Ghana,2022,351.78,,
Greece,2011,876.62,1134.30,1220.22
Greece,2012,683.76,897.21,878.49
Greece,2013,683.76,949.85,908.11
Greece,2014,683.76,996.80,908.38
Greece,2015,683.76,996.13,758.64
Greece,2016,683.76,1035.09,756.86
Greece,2017,683.76,1048.85,772.43
Greece,2018,683.76,1071.14,807.49
Greece,2019,758.33,1194.64,848.93
Greece,2020,758.33,1206.66,866.16
Greece,2021,758.33,1201.35,896.91
Greece,2022,831.83,1388.52,876.87
Grenada,2011,910.00,432.13,337.04
Grenada,2012,910.00,460.73,337.04
Grenada,2013,910.00,464.32,337.04
Grenada,2014,910.00,480.59,337.04
Grenada,2015,910.00,490.78,337.04
Grenada,2016,910.00,498.85,337.04
Grenada,2017,910.00,505.69,337.04
Grenada,2018,910.00,513.91,337.04
Grenada,2019,910.00,520.11,337.04
Grenada,2020,910.00,530.46,337.04
Grenada,2021,910.00,548.69,337.04
Grenada,2022,910.00,,
Guatemala,2011,1937.54,497.77,248.87
Guatemala,2012,2068.33,536.50,264.03
Guatemala,2013,2171.75,538.04,276.42
Guatemala,2014,2280.34,553.62,294.91
Guatemala,2015,2394.40,575.31,312.80
Guatemala,2016,2490.21,584.64,327.66
Guatemala,2017,2643.21,600.28,359.72
Guatemala,2018,2742.37,614.94,364.72
Guatemala,2019,2742.40,603.76,356.31
Guatemala,2020,2825.10,610.03,365.87
Guatemala,2021,2825.10,612.58,365.26
Guatemala,2022,2959.24,,
Guinea,2013,440000.00,149.02,63.70
Guinea,2014,440000.00,144.33,62.73
Guinea,2015,440000.00,140.50,58.78
Guinea,2016,440000.00,139.54,49.06
Guinea,2017,440000.00,136.90,48.41
Guinea,2018,440000.00,127.70,48.83
Guinea,2019,440000.00,118.76,47.91
Guinea,2020,440000.00,108.70,46.00
Guinea,2021,440000.00,101.08,
Guinea,2022,550000.00,,
Guinea-Bissau,2011,19030.00,73.67,40.38
Guinea-Bissau,2012,19030.00,77.35,37.27
Guinea-Bissau,2013,19030.00,77.30,38.53
Guinea-Bissau,2014,19030.00,79.95,38.54
Guinea-Bissau,2015,19030.00,80.43,32.19
Guinea-Bissau,2016,19030.00,81.18,32.11
Guinea-Bissau,2017,19030.00,81.96,32.77
Guinea-Bissau,2018,19030.00,83.64,34.26
Guinea-Bissau,2019,19030.00,84.94,32.48
Guinea-Bissau,2020,19030.00,,33.06
Guinea-Bissau,2021,19030.00,,34.32
Guinea-Bissau,2022,19030.00,,
Guyana,2013,35000.00,291.04,170.40
Guyana,2014,35000.00,291.11,169.53
Guyana,2015,35000.00,297.97,169.49
Guyana,2016,35000.00,300.58,169.49
Guyana,2017,44200.00,382.27,214.04
Guyana,2018,44200.00,386.64,212.79
Guyana,2019,44200.00,385.60,211.99
Guyana,2020,44200.00,386.52,211.99
Guyana,2021,44200.00,385.29,211.99
Guyana,2022,60147.00,,
Haiti,2011,5200.00,249.61,128.32
Haiti,2012,7800.00,372.57,185.94
Haiti,2013,7800.00,353.00,179.46
Haiti,2014,5850.00,257.74,129.38
Haiti,2015,5850.00,239.45,115.37
Haiti,2016,7800.00,286.64,123.15
Haiti,2017,9100.00,292.58,140.50
Haiti,2018,10920.00,319.76,160.51
Haiti,2019,13000.00,326.50,146.37
Haiti,2020,13000.00,269.16,139.02
Haiti,2021,13000.00,241.19,145.70
Haiti,2022,17810.00,,
"Hong Kong, China",2011,5945.00,1052.77,763.75
"Hong Kong, China",2012,5945.00,1040.18,766.46
"Hong Kong, China",2013,6370.00,1055.67,821.30
"Hong Kong, China",2014,5715.60,919.22,737.11
"Hong Kong, China",2016,6191.90,983.90,797.69
Hungary,2011,78000.00,558.86,387.95
Hungary,2012,93000.00,648.33,413.14
Hungary,2013,98000.00,693.90,438.10
Hungary,2014,101500.00,705.61,436.37
Hungary,2015,105000.00,709.25,375.90
Hungary,2016,111000.00,758.01,394.28
Hungary,2017,127500.00,834.00,464.59
Hungary,2018,138000.00,890.55,510.71
Hungary,2019,149000.00,932.30,512.63
Hungary,2020,161000.00,971.84,522.73
Hungary,2021,167400.00,963.77,552.22
Hungary,2022,200000.00,1194.34,
Iceland,2020,335000.00,2139.50,2473.75
Iceland,2021,351000.00,2160.43,2764.02
Iceland,2022,351000.00,2341.95,
India,2011,2990.00,195.64,64.07
India,2012,2990.00,193.60,55.95
India,2013,3562.00,210.29,60.79
India,2014,3562.00,200.23,58.37
India,2015,4160.00,225.81,64.85
India,2016,4160.00,220.28,61.91
India,2017,4576.00,235.04,70.27
India,2018,4576.00,231.64,66.91
India,2019,4628.00,229.96,65.72
India,2020,4628.00,218.33,62.46
India,2021,4628.00,217.43,62.61
India,2022,4628.00,,
Indonesia,2011,988800.00,254.05,112.74
Indonesia,2012,1119100.00,291.94,119.22
Indonesia,2013,1332400.00,320.00,127.37
Indonesia,2015,1100000.00,233.01,82.15
Indonesia,2016,1237700.00,253.75,93.00
Indonesia,2017,1337645.00,262.81,99.97
Indonesia,2018,1454154.00,283.61,102.14
Indonesia,2019,1570922.00,302.76,111.04
Indonesia,2020,2503293.00,479.21,171.67
Indonesia,2021,2503293.00,494.01,174.96
Indonesia,2022,2679814.50,,
"Iran, Islamic Republic of",2011,3303000.00,620.46,311.13
"Iran, Islamic Republic of",2016,9299310.00,733.21,300.80
"Iran, Islamic Republic of",2017,9299310.00,666.86,279.88
"Iran, Islamic Republic of",2018,11112690.00,691.75,271.94
"Iran, Islamic Republic of",2019,15170000.00,687.19,361.19
"Iran, Islamic Republic of",2020,18340000.00,644.01,436.67
"Iran, Islamic Republic of",2021,26554950.00,,632.26
"Iran, Islamic Republic of",2022,26554950.00,,
Iraq,2012,120000.00,246.89,102.90
Iraq,2013,250000.00,499.23,214.41
Iraq,2014,170000.00,311.92,145.80
Iraq,2015,250000.00,445.06,214.16
Iraq,2016,250000.00,443.20,211.51
Iraq,2017,350000.00,630.19,295.61
Iraq,2018,350000.00,643.22,295.92
Iraq,2019,350000.00,656.18,296.11
Iraq,2020,350000.00,660.48,293.62
Iraq,2021,350000.00,652.11,241.38
Iraq,2022,350000.00,,
Ireland,2011,1461.85,1523.67,2034.83
Ireland,2012,1461.85,1514.42,1878.17
Ireland,2013,1461.85,1512.83,1941.51
Ireland,2014,1461.85,1477.35,1942.07
Ireland,2015,1461.85,1463.26,1621.94
Ireland,2016,1546.35,1586.64,1711.66
Ireland,2017,1563.25,1584.32,1765.97
Ireland,2018,1613.95,1632.58,1906.00
Ireland,2019,1656.20,1662.62,1854.07
Ireland,2020,1706.90,1713.03,1949.61
Ireland,2021,1723.80,1702.77,2038.81
Ireland,2022,1774.50,1928.03,1870.59
Israel,2011,4100.00,960.13,1145.85
Israel,2012,4300.00,1003.74,1115.17
Israel,2013,4300.00,971.32,1190.89
Israel,2014,4300.00,939.76,1201.81
Israel,2015,4650.00,1021.21,1196.35
Israel,2016,4825.00,1123.48,1256.33
Israel,2017,5300.00,1246.37,1472.40
Israel,2018,5300.00,1274.69,1476.09
Israel,2019,5300.00,1270.02,1486.87
Israel,2020,5300.00,1290.16,1539.62
Israel,2021,5300.00,1259.47,1640.77
Israel,2022,5400.00,,
Jamaica,2011,17636.67,280.50,205.33
Jamaica,2012,19500.00,317.37,219.72
Jamaica,2013,21666.67,328.93,215.81
Jamaica,2014,24266.67,349.46,218.75
Jamaica,2015,24266.67,348.35,207.46
Jamaica,2016,26866.67,391.07,214.77
Jamaica,2017,26866.67,381.67,209.95
Jamaica,2018,30333.33,425.55,235.38
Jamaica,2019,30333.33,416.98,227.54
Jamaica,2020,30333.33,401.15,213.01
Jamaica,2021,30333.33,396.74,
Jamaica,2022,39000.00,,
Japan,2011,127746.67,1100.29,1600.69
Japan,2012,129826.67,1152.33,1627.10
Japan,2013,132426.67,1242.39,1356.89
Japan,2014,135200.00,1238.30,1276.14
Japan,2015,138320.00,1269.42,1142.72
Japan,2016,142653.33,1241.23,1311.24
Japan,2017,146986.67,1267.31,1310.44
Japan,2018,151493.33,1327.30,1371.93
Japan,2019,156173.33,1375.72,1432.66
Japan,2020,156346.67,1370.04,1464.27
Japan,2021,161200.00,1440.52,1468.73
Japan,2022,161200.00,,
Jordan,2011,150.00,461.49,211.27
Jordan,2012,190.00,575.60,267.61
Jordan,2013,190.00,543.71,267.61
Jordan,2014,190.00,522.69,267.61
Jordan,2015,190.00,520.56,267.61
Jordan,2016,190.00,531.99,267.61
Jordan,2017,220.00,668.35,309.86
Jordan,2018,220.00,655.43,309.86
Jordan,2019,220.00,662.26,309.86
Jordan,2020,220.00,668.21,309.86
Jordan,2021,260.00,815.82,366.20
Jordan,2022,260.00,,366.20
Kazakhstan,2011,15999.00,201.95,109.12
Kazakhstan,2012,17439.00,217.01,116.95
Kazakhstan,2013,18660.00,202.71,122.66
Kazakhstan,2014,19966.00,205.29,111.42
Kazakhstan,2015,21364.00,204.27,96.35
Kazakhstan,2016,22859.00,197.13,66.81
Kazakhstan,2017,24459.00,195.26,75.03
Kazakhstan,2018,28284.00,218.18,82.05
Kazakhstan,2019,42500.00,317.14,111.04
Kazakhstan,2020,42500.00,300.76,102.92
Kazakhstan,2021,42500.00,,99.79
Kazakhstan,2022,60000.00,,
Kenya,2011,8001.00,224.61,90.09
Kenya,2012,9049.00,249.46,107.05
Kenya,2013,10316.00,276.47,119.78
Kenya,2014,10316.00,269.03,117.33
Kenya,2015,11553.90,293.90,117.68
Kenya,2016,11553.90,289.24,113.83
Kenya,2017,13633.60,327.46,131.84
Kenya,2018,14315.30,336.45,141.31
Kenya,2019,14315.30,325.50,140.36
Kenya,2020,14315.30,312.62,134.48
Kenya,2021,14315.30,308.46,130.57
Kenya,2022,16033.14,,
Kiribati,2016,270.40,,201.01
Kiribati,2017,270.40,,207.24
Kiribati,2018,270.40,,202.03
Kiribati,2019,270.40,,187.97
Kiribati,2020,270.40,,186.09
Kiribati,2021,270.40,,203.12
Kiribati,2022,270.40,,
"Korea, Republic of",2011,902880.00,989.98,814.66
"Korea, Republic of",2012,957220.00,1046.22,849.75
"Korea, Republic of",2013,1015740.00,1040.36,927.74
"Korea, Republic of",2014,1088890.00,1094.63,1034.12
"Korea, Republic of",2015,1166220.00,1215.22,1031.00
"Korea, Republic of",2016,1260270.00,1303.12,1086.03
"Korea, Republic of",2017,1352230.00,1363.03,1196.21
"Korea, Republic of",2018,1573770.00,1607.18,1430.05
"Korea, Republic of",2019,1745150.00,1791.33,1497.52
"Korea, Republic of",2020,1795310.00,1827.30,1521.11
"Korea, Republic of",2021,1822480.00,1830.92,1593.14
"Korea, Republic of",2022,1914440.00,,
Kuwait,2011,60.00,336.83,217.41
Kuwait,2017,75.00,400.15,247.24
Kuwait,2018,75.00,407.71,248.38
Kuwait,2019,75.00,410.61,247.03
Kuwait,2020,75.00,407.12,244.91
Kuwait,2021,75.00,412.14,248.64
Kuwait,2022,75.00,,
Kyrgyzstan,2011,690.00,42.34,14.95
Kyrgyzstan,2012,760.00,46.56,16.17
Kyrgyzstan,2013,840.00,45.48,17.34
Kyrgyzstan,2014,900.00,46.30,16.77
Kyrgyzstan,2015,970.00,47.72,15.05
Kyrgyzstan,2016,1060.00,54.28,15.16
Kyrgyzstan,2017,1200.00,61.94,17.42
Kyrgyzstan,2018,1662.00,86.55,24.14
Kyrgyzstan,2019,1750.00,91.75,25.08
Kyrgyzstan,2020,1854.00,92.54,23.97
Kyrgyzstan,2021,1854.00,86.58,21.90
Kyrgyzstan,2022,1970.00,,
Lao People's Democratic Republic,2011,348000.00,111.39,43.34
Lao People's Democratic Republic,2012,626000.00,208.39,78.19
Lao People's Democratic Republic,2013,626000.00,197.40,79.92
Lao People's Democratic Republic,2014,626000.00,194.13,77.84
Lao People's Democratic Republic,2015,900000.00,278.41,110.73
Lao People's Democratic Republic,2016,900000.00,284.29,110.78
Lao People's Democratic Republic,2017,900000.00,287.19,109.16
Lao People's Democratic Republic,2018,1100000.00,352.40,130.93
Lao People's Democratic Republic,2019,1100000.00,347.24,126.74
Lao People's Democratic Republic,2020,1100000.00,334.38,121.60
Lao People's Democratic Republic,2021,1100000.00,337.49,
Lao People's Democratic Republic,2022,1200000.00,,
Latvia,2011,281.97,487.97,392.49
Latvia,2012,287.07,494.52,368.82
Latvia,2013,284.74,504.63,378.17
Latvia,2014,320.00,561.70,425.12
Latvia,2015,360.00,632.34,399.42
Latvia,2016,370.00,659.46,409.55
Latvia,2017,380.00,676.11,429.28
Latvia,2018,430.00,761.24,507.81
Latvia,2019,430.00,751.00,481.37
Latvia,2020,430.00,767.40,491.14
Latvia,2021,500.00,872.10,591.37
Latvia,2022,500.00,780.50,527.07
Lebanon,2011,500000.00,601.96,331.67
Lebanon,2012,675000.00,794.75,447.76
Lebanon,2013,675000.00,785.62,447.76
Lebanon,2014,675000.00,800.46,447.76
Lebanon,2015,675000.00,850.29,447.76
Lebanon,2016,675000.00,886.23,447.76
Lebanon,2017,675000.00,886.02,447.76
Lebanon,2018,675000.00,855.66,447.76
Lebanon,2019,675000.00,845.75,447.76
Lebanon,2020,675000.00,463.14,447.76
Lebanon,2021,675000.00,190.34,447.76
Lebanon,2022,675000.00,79.08,
Lesotho,2011,935.00,238.17,128.77
Lesotho,2012,1009.00,250.51,122.90
Lesotho,2013,1009.00,235.70,104.50
Lesotho,2014,1178.00,261.28,108.54
Lesotho,2015,1178.00,252.75,92.33
Lesotho,2016,1178.00,239.04,80.08
Lesotho,2017,1178.00,224.64,88.41
Lesotho,2018,1178.00,219.69,89.01
Lesotho,2019,1620.00,292.42,112.12
Lesotho,2020,1620.00,281.99,98.43
Lesotho,2021,1620.00,278.40,109.62
Lesotho,2022,1620.00,,
Liberia,2014,91.00,,
Liberia,2015,91.00,,
Liberia,2016,91.00,,
Liberia,2017,91.00,,
Liberia,2018,91.00,,
Liberia,2019,91.00,,
Liberia,2020,91.00,,
Liberia,2021,91.00,,
Liberia,2022,91.00,,
Libya,2011,250.00,402.03,204.22
Libya,2012,250.00,427.38,198.15
Libya,2013,450.00,840.50,353.86
Libya,2014,450.00,921.19,353.66
Libya,2015,450.00,887.16,325.80
Libya,2016,450.00,800.28,323.66
Libya,2017,450.00,705.16,322.85
Libya,2018,450.00,,329.68
Libya,2019,450.00,,321.83
Libya,2020,450.00,,
Libya,2021,450.00,,
Libya,2022,450.00,,
Lithuania,2011,231.70,447.76,322.52
Lithuania,2012,231.70,446.49,297.69
Lithuania,2013,289.62,574.32,384.65
Lithuania,2014,289.62,579.37,384.76
Lithuania,2015,325.00,651.05,360.59
Lithuania,2016,380.00,774.52,420.62
Lithuania,2017,380.00,766.94,429.28
Lithuania,2018,400.00,805.10,472.38
Lithuania,2019,555.00,1099.97,621.31
Lithuania,2020,607.00,1201.17,693.31
Lithuania,2021,642.00,1235.24,759.32
Lithuania,2022,730.00,1240.44,769.53
Luxembourg,2011,1757.56,1813.51,2446.44
Luxembourg,2012,1801.49,1848.57,2314.53
Luxembourg,2013,1874.19,1942.75,2489.15
Luxembourg,2014,1921.03,1974.01,2552.09
Luxembourg,2015,1922.96,1968.20,2133.55
Luxembourg,2016,1922.96,1995.61,2128.53
Luxembourg,2017,1998.59,2068.95,2257.77
Luxembourg,2018,1998.59,2085.58,2360.24
Luxembourg,2019,2089.75,2152.81,2339.42
Luxembourg,2020,2141.99,2150.68,2446.57
Luxembourg,2021,2201.93,2302.26,2604.31
Luxembourg,2022,2313.38,2305.09,2438.65
Madagascar,2011,90235.60,128.87,44.56
Madagascar,2012,100011.00,141.17,45.56
Madagascar,2013,108019.00,142.12,48.95
Madagascar,2014,124243.00,155.71,51.45
Madagascar,2015,133013.40,156.03,45.34
Madagascar,2016,144003.00,161.69,45.33
Madagascar,2017,155523.00,161.51,49.91
Madagascar,2018,168019.00,164.60,50.38
Madagascar,2019,168019.00,158.68,46.44
Madagascar,2020,168019.00,154.16,44.36
Madagascar,2021,168019.00,152.53,43.87
Madagascar,2022,184653.00,116.23,
Malawi,2011,4635.00,58.89,29.61
Malawi,2012,8242.00,89.07,33.09
Malawi,2013,8242.00,69.99,22.62
Malawi,2014,14326.00,98.03,33.72
Malawi,2015,14326.00,80.13,28.67
Malawi,2016,17880.20,83.11,24.90
Malawi,2017,25000.00,103.34,34.23
Malawi,2018,25000.00,94.16,34.14
Malawi,2019,25000.00,87.66,
Malawi,2020,35000.00,114.37,46.70
Malawi,2021,50000.00,,
Malawi,2022,50000.00,,
Malaysia,2013,900.00,574.46,285.63
Malaysia,2014,900.00,561.27,274.99
Malaysia,2015,900.00,548.54,230.44
Malaysia,2016,1000.00,605.64,241.06
Malaysia,2017,1000.00,579.06,232.53
Malaysia,2018,1000.00,588.00,247.82
Malaysia,2019,1100.00,654.18,265.54
Malaysia,2020,1200.00,730.78,285.48
Malaysia,2021,1200.00,746.61,289.62
Malaysia,2022,1500.00,976.46,
Maldives,2022,5700.00,499.49,
Mali,2011,28460.00,126.85,60.39
Mali,2012,28460.00,128.16,55.74
Mali,2013,28460.00,130.19,57.62
Mali,2014,28465.00,132.14,57.65
Mali,2015,28465.00,133.01,48.15
Mali,2016,40000.00,196.57,67.50
Mali,2017,40000.00,194.86,68.89
Mali,2018,40000.00,199.03,72.01
Mali,2019,40000.00,206.05,68.27
Mali,2020,40000.00,207.68,69.49
Mali,2021,40000.00,209.22,72.13
Mali,2022,40000.00,192.40,
Malta,2011,664.95,1040.77,925.58
Malta,2012,685.14,1062.74,880.26
Malta,2013,702.82,1077.78,933.43
Malta,2014,717.95,1105.96,953.80
Malta,2015,720.46,1103.01,799.36
Malta,2016,728.04,1142.66,805.87
Malta,2017,735.63,1136.47,831.03
Malta,2018,747.54,1177.15,882.81
Malta,2019,761.97,1196.43,853.01
Malta,2020,777.10,1203.60,887.60
Malta,2021,784.68,1225.63,928.07
Malta,2022,792.26,1196.68,835.16
Marshall Islands,2011,416.00,383.97,416.00
Marshall Islands,2012,416.00,,416.00
Marshall Islands,2013,416.00,,416.00
Marshall Islands,2014,416.00,,416.00
Marshall Islands,2015,416.00,,416.00
Marshall Islands,2016,624.00,,624.00
Marshall Islands,2017,624.00,,624.00
Marshall Islands,2018,624.00,,624.00
Marshall Islands,2019,624.00,,624.00
Marshall Islands,2020,624.00,,624.00
Marshall Islands,2021,624.00,,624.00
Marshall Islands,2022,624.00,,624.00
Mauritania,2011,3000.00,,
Mauritania,2012,3000.00,,
Mauritania,2013,3000.00,,
Mauritania,2014,3000.00,,
Mauritania,2015,3000.00,,
Mauritania,2016,3000.00,,
Mauritania,2017,3000.00,,
Mauritania,2018,3000.00,,
Mauritania,2019,3000.00,,
Mauritania,2020,3000.00,,
Mauritania,2021,3000.00,,
Mauritania,2022,3000.00,,
Mauritius,2011,5211.00,280.84,181.53
Mauritius,2012,5555.00,307.30,184.86
Mauritius,2013,5855.00,317.76,190.71
Mauritius,2014,6155.00,332.30,201.00
Mauritius,2015,7100.00,387.13,202.53
Mauritius,2016,7350.00,412.72,206.80
Mauritius,2017,7550.00,419.22,218.96
Mauritius,2018,8000.00,440.88,235.75
Mauritius,2019,8500.00,475.00,239.62
Mauritius,2020,9700.00,534.94,246.52
Mauritius,2021,10075.00,559.20,241.65
Mauritius,2022,10575.00,458.45,
"Moldova, Republic of",2011,600.00,110.90,51.11
"Moldova, Republic of",2012,600.00,111.63,49.54
"Moldova, Republic of",2013,600.00,100.89,47.67
"Moldova, Republic of",2014,1000.00,163.17,71.25
"Moldova, Republic of",2015,1000.00,156.03,53.14
"Moldova, Republic of",2016,1000.00,157.54,50.19
"Moldova, Republic of",2017,1000.00,156.68,54.06
"Moldova, Republic of",2018,1000.00,155.76,59.52
"Moldova, Republic of",2019,1000.00,151.27,56.90
"Moldova, Republic of",2020,2775.00,409.52,160.20
"Moldova, Republic of",2021,2935.00,431.45,166.00
"Moldova, Republic of",2022,3500.00,,
Mongolia,2011,140400.00,241.80,110.94
Mongolia,2012,140400.00,220.88,103.42
Mongolia,2013,192000.00,265.97,125.99
Mongolia,2014,192000.00,240.24,105.61
Mongolia,2015,192000.00,237.79,97.45
Mongolia,2016,192000.00,235.11,89.71
Mongolia,2017,240000.00,274.74,98.37
Mongolia,2018,240000.00,263.50,97.07
Mongolia,2019,320000.00,333.35,120.14
Mongolia,2020,420000.00,427.15,149.29
Mongolia,2021,420000.00,417.57,147.41
Mongolia,2022,420000.00,,
Montenegro,2013,288.05,643.99,382.56
Montenegro,2014,288.05,655.77,382.67
Montenegro,2015,288.05,658.88,319.60
Montenegro,2016,288.05,683.17,318.84
Montenegro,2017,288.05,675.18,325.40
Montenegro,2018,288.05,681.09,340.17
Montenegro,2019,331.33,790.22,370.92
Montenegro,2020,331.33,801.27,378.44
Montenegro,2021,331.33,766.06,391.88
Montenegro,2022,532.54,,561.38
Morocco,2011,2234.70,541.72,276.23
Morocco,2012,2337.80,578.21,270.94
Morocco,2013,2337.80,559.60,278.13
Morocco,2014,2454.40,561.00,291.97
Morocco,2015,2570.90,584.61,263.29
Morocco,2016,2570.90,586.34,262.14
Morocco,2017,2570.90,599.16,265.26
Morocco,2018,2570.90,602.92,273.90
Morocco,2019,2698.80,642.43,280.63
Morocco,2020,2828.72,676.89,297.86
Morocco,2021,2828.72,698.89,314.70
Morocco,2022,2902.00,,
Mozambique,2011,3100.00,195.88,106.65
Mozambique,2012,3585.00,231.09,126.35
Mozambique,2013,3943.00,242.19,130.98
Mozambique,2014,4400.00,266.86,140.34
Mozambique,2015,4815.00,285.91,120.43
Mozambique,2016,5200.00,268.00,82.47
Mozambique,2017,5695.00,259.00,89.57
Mozambique,2018,6620.00,296.82,109.74
Mozambique,2019,7000.00,310.90,111.91
Mozambique,2020,7000.00,305.15,100.77
Mozambique,2021,7450.00,,113.80
Mozambique,2022,7945.00,,
Myanmar,2015,93600.00,271.55,80.51
Myanmar,2016,93600.00,254.70,75.80
Myanmar,2017,93600.00,240.10,68.81
Myanmar,2018,124800.00,306.86,87.28
Myanmar,2019,124800.00,287.09,82.20
Myanmar,2020,124800.00,,90.33
Myanmar,2021,124800.00,,
Myanmar,2022,124800.00,,
Nepal,2011,6200.00,240.84,83.76
Nepal,2012,6200.00,240.46,72.75
Nepal,2013,8000.00,291.05,85.94
Nepal,2014,8000.00,279.95,82.01
Nepal,2015,8000.00,267.34,78.12
Nepal,2016,8000.00,260.57,74.50
Nepal,2017,9700.00,317.90,92.81
Nepal,2018,13450.00,433.94,123.47
Nepal,2019,13450.00,418.50,119.44
Nepal,2020,13450.00,403.29,113.65
Nepal,2021,15000.00,452.40,126.97
Nepal,2022,15000.00,,
Netherlands,2011,1435.20,1633.26,1997.73
Netherlands,2012,1456.20,1649.69,1870.91
Netherlands,2013,1477.80,1693.22,1962.69
Netherlands,2014,1495.20,1695.85,1986.37
Netherlands,2015,1507.80,1697.16,1672.92
Netherlands,2016,1537.20,1760.88,1701.53
Netherlands,2017,1565.40,1818.17,1768.40
Netherlands,2018,1594.20,1894.10,1882.68
Netherlands,2019,1635.60,1906.28,1831.01
Netherlands,2020,1680.00,1969.80,1918.89
Netherlands,2021,1701.00,2031.73,2011.84
Netherlands,2022,1756.20,2019.82,1851.30
New Caledonia,2011,140000.00,1075.77,1633.04
New Caledonia,2012,150000.00,1156.23,1614.98
New Caledonia,2013,151985.00,1173.70,1691.54
New Caledonia,2014,151985.00,1190.61,1692.02
New Caledonia,2015,152912.00,1192.49,1421.73
New Caledonia,2016,152912.00,1200.59,1418.39
New Zealand,2011,2253.33,1417.93,1780.15
New Zealand,2012,2340.00,1475.28,1895.84
New Zealand,2013,2383.33,1481.33,1954.50
New Zealand,2014,2470.00,1542.95,2049.06
New Zealand,2015,2556.67,1567.46,1782.92
New Zealand,2016,2643.33,1666.91,1840.09
New Zealand,2017,2730.00,1727.24,1939.74
New Zealand,2018,2860.00,1840.83,1978.88
New Zealand,2019,3068.00,1968.21,2021.25
New Zealand,2020,3276.00,2037.89,2124.43
New Zealand,2021,3466.67,2090.85,2452.02
New Zealand,2022,3674.67,,
Niger,2011,28347.00,123.02,60.15
Niger,2012,30047.00,132.59,58.85
Niger,2013,30047.00,126.60,60.84
Niger,2014,30047.00,126.72,60.85
Niger,2015,30047.00,124.49,50.82
Niger,2016,30047.00,123.88,50.70
Niger,2017,30047.00,122.56,51.75
Niger,2018,30047.00,121.94,54.10
Niger,2019,30047.00,127.32,51.28
Niger,2020,30047.00,125.26,52.20
Niger,2021,30047.00,126.29,54.18
Niger,2022,30047.00,,
Nigeria,2011,18000.00,215.35,116.99
Nigeria,2012,18000.00,206.91,114.29
Nigeria,2013,18000.00,198.27,114.42
Nigeria,2014,18000.00,194.17,113.53
Nigeria,2015,18000.00,189.02,93.54
Nigeria,2016,18000.00,176.63,71.01
Nigeria,2017,18000.00,160.57,58.86
Nigeria,2018,18000.00,146.75,58.81
Nigeria,2019,30000.00,223.53,97.75
Nigeria,2020,30000.00,199.82,83.61
Nigeria,2021,30000.00,178.88,
Nigeria,2022,30000.00,,
North Macedonia,2013,12268.00,522.77,264.42
North Macedonia,2014,13140.00,570.40,282.96
North Macedonia,2015,13986.00,606.34,251.83
North Macedonia,2016,14563.00,654.49,261.31
North Macedonia,2017,17130.00,760.45,313.36
North Macedonia,2018,17370.00,768.99,333.35
North Macedonia,2019,20997.00,931.60,382.13
North Macedonia,2020,21107.00,927.74,389.83
North Macedonia,2021,22146.00,966.10,425.05
North Macedonia,2022,26243.01,1144.19,
Occupied Palestinian Territory,2012,1450.00,2281.55,
Occupied Palestinian Territory,2013,1450.00,2090.98,
Oman,2011,200.00,976.64,520.16
Oman,2012,200.00,982.72,520.16
Oman,2013,325.00,1558.59,845.25
Oman,2014,325.00,1529.50,845.25
Oman,2015,325.00,1509.23,845.25
Oman,2016,325.00,1544.26,845.25
Oman,2017,325.00,1535.94,845.25
Oman,2018,325.00,1559.71,845.25
Oman,2019,325.00,1585.85,845.25
Oman,2020,325.00,1620.06,845.25
Oman,2021,325.00,1670.33,845.25
Oman,2022,325.00,,
Pakistan,2011,7000.00,274.56,81.07
Pakistan,2012,8000.00,301.71,85.66
Pakistan,2013,10000.00,346.22,98.40
Pakistan,2014,10000.00,325.56,98.91
Pakistan,2015,13000.00,414.44,126.50
Pakistan,2016,14000.00,436.10,133.63
Pakistan,2017,15000.00,451.12,142.24
Pakistan,2018,15000.00,439.80,123.13
Pakistan,2019,17500.00,472.43,116.64
Pakistan,2020,17500.00,435.81,108.13
Pakistan,2021,19000.00,452.43,116.63
Pakistan,2022,25000.00,,
Palau,2011,520.00,578.89,520.00
Palau,2012,520.00,570.26,520.00
Palau,2013,572.00,615.81,572.00
Palau,2014,624.00,655.23,624.00
Palau,2015,676.00,703.99,676.00
Palau,2016,728.00,775.79,728.00
Palau,2017,728.00,782.30,728.00
Palau,2018,728.00,784.85,728.00
Palau,2019,728.00,796.95,728.00
Palau,2020,728.00,805.02,728.00
Palau,2021,728.00,820.99,728.00
Palau,2022,728.00,,728.00
Papua New Guinea,2011,476.32,222.80,200.90
Papua New Guinea,2012,476.32,217.54,228.60
Papua New Guinea,2013,476.32,210.30,212.22
Papua New Guinea,2014,665.60,283.81,270.42
Papua New Guinea,2015,698.88,281.48,252.45
Papua New Guinea,2016,728.00,278.33,232.36
Papua New Guinea,2017,728.00,269.64,228.30
Papua New Guinea,2018,728.00,263.77,222.02
Papua New Guinea,2019,728.00,259.12,215.13
Papua New Guinea,2020,728.00,250.26,210.41
Papua New Guinea,2021,728.00,250.78,207.48
Papua New Guinea,2022,728.00,,
Peru,2011,675.00,427.44,245.09
Peru,2012,750.00,477.01,284.35
Peru,2013,750.00,456.43,277.58
Peru,2014,750.00,441.57,264.17
Peru,2015,750.00,423.73,235.52
Peru,2016,850.00,464.52,251.85
Peru,2017,850.00,448.88,260.70
Peru,2018,930.00,496.59,282.97
Peru,2019,930.00,495.01,278.67
Peru,2020,930.00,492.13,266.10
Peru,2021,930.00,491.80,239.66
Peru,2022,1025.00,,
Philippines,2011,6032.00,321.33,139.26
Philippines,2012,6032.00,332.76,142.84
Philippines,2013,6032.00,322.81,142.11
Philippines,2014,6500.00,340.89,146.41
Philippines,2015,6500.00,341.41,142.85
Philippines,2016,6760.00,357.18,142.34
Philippines,2017,6890.00,355.29,136.70
Philippines,2018,7280.00,365.52,138.24
Philippines,2019,7280.00,363.14,140.55
Philippines,2020,7332.00,360.74,147.75
Philippines,2021,7332.00,364.25,148.86
Philippines,2022,8060.00,,
Poland,2011,1386.00,721.80,467.79
Poland,2012,1500.00,786.18,460.61
Poland,2013,1600.00,854.41,506.23
Poland,2014,1680.00,893.94,532.57
Poland,2015,1750.00,932.71,464.25
Poland,2016,1850.00,1006.18,469.21
Poland,2017,2000.00,1065.79,529.19
Poland,2018,2100.00,1123.10,581.44
Poland,2019,2250.00,1184.59,586.03
Poland,2020,2600.00,1346.45,666.71
Poland,2021,2800.00,1420.74,725.03
Poland,2022,3010.00,1515.43,
Portugal,2011,565.83,815.41,787.61
Portugal,2012,565.83,820.65,726.97
Portugal,2013,565.83,851.11,751.49
Portugal,2014,565.83,847.95,751.71
Portugal,2015,589.17,875.39,653.69
Portugal,2016,618.33,939.69,684.43
Portugal,2017,649.83,974.07,734.10
Portugal,2018,676.67,1042.26,799.12
Portugal,2019,700.00,1086.78,783.63
Portugal,2020,740.83,1137.10,846.17
Portugal,2021,775.83,1200.96,917.61
Portugal,2022,822.50,1337.55,867.04
Qatar,2020,1000.00,376.06,274.73
Qatar,2021,1000.00,384.86,274.73
Qatar,2022,1000.00,,
Romania,2011,670.00,362.65,219.77
Romania,2012,700.00,373.75,201.83
Romania,2013,800.00,424.64,240.39
Romania,2014,900.00,476.48,268.72
Romania,2015,1050.00,550.42,262.13
Romania,2016,1250.00,686.94,307.94
Romania,2017,1450.00,772.94,357.80
Romania,2018,1900.00,993.96,482.04
Romania,2019,2080.00,1078.68,490.81
Romania,2020,2230.00,1142.36,525.45
Romania,2021,2300.00,1166.10,552.83
Romania,2022,2550.00,1268.32,
Russian Federation,2011,4611.00,243.83,156.93
Russian Federation,2012,4611.00,232.77,149.51
Russian Federation,2013,5205.00,242.52,163.49
Russian Federation,2014,5554.00,245.95,144.72
Russian Federation,2015,5965.00,236.23,97.89
Russian Federation,2016,7500.00,291.22,111.85
Russian Federation,2017,7800.00,301.73,133.69
Russian Federation,2018,11163.00,433.27,178.13
Russian Federation,2019,11280.00,425.27,174.24
Russian Federation,2020,12130.00,441.46,168.23
Russian Federation,2021,12792.00,470.74,173.68
Russian Federation,2022,15279.00,,212.60
Rwanda,2011,2600.00,10.35,4.33
Rwanda,2012,2600.00,10.09,4.23
Rwanda,2013,2600.00,9.72,4.02
Rwanda,2014,2600.00,9.78,3.81
Rwanda,2015,2600.00,9.73,3.61
Rwanda,2016,2600.00,9.35,3.30
Rwanda,2017,2600.00,8.85,3.13
Rwanda,2018,2600.00,9.10,3.02
Rwanda,2019,2600.00,8.96,2.89
Rwanda,2020,2600.00,8.26,2.76
Rwanda,2021,2600.00,8.68,2.63
Rwanda,2022,2600.00,,2.54
Saint Kitts and Nevis,2011,1386.67,620.97,513.58
Saint Kitts and Nevis,2012,1386.67,634.96,513.58
Saint Kitts and Nevis,2013,1386.67,599.62,513.58
Saint Kitts and Nevis,2014,1560.00,659.53,577.78
Saint Kitts and Nevis,2015,1560.00,649.22,577.78
Saint Kitts and Nevis,2016,1560.00,633.03,577.78
Saint Kitts and Nevis,2017,1560.00,612.41,577.78
Saint Kitts and Nevis,2018,1560.00,633.95,577.78
Saint Kitts and Nevis,2019,1560.00,647.57,577.78
Saint Kitts and Nevis,2020,1560.00,663.30,577.78
Saint Kitts and Nevis,2021,1560.00,686.25,577.78
Saint Kitts and Nevis,2022,1560.00,,577.78
Saint Vincent and the Grenadines,2011,1040.00,520.49,385.19
Saint Vincent and the Grenadines,2012,1040.00,547.12,385.19
Saint Vincent and the Grenadines,2013,1040.00,543.02,385.19
Saint Vincent and the Grenadines,2014,1040.00,550.95,385.19
Saint Vincent and the Grenadines,2015,1040.00,568.18,385.19
Saint Vincent and the Grenadines,2016,1040.00,582.89,385.19
Saint Vincent and the Grenadines,2017,1040.00,575.59,385.19
Saint Vincent and the Grenadines,2018,1040.00,576.26,385.19
Saint Vincent and the Grenadines,2019,1040.00,581.39,385.19
Saint Vincent and the Grenadines,2020,1040.00,592.29,385.19
Saint Vincent and the Grenadines,2021,1040.00,610.51,385.19
Saint Vincent and the Grenadines,2022,1040.00,,385.19
Samoa,2012,416.00,218.96,181.48
Samoa,2013,416.00,220.82,180.02
Samoa,2014,416.00,225.32,178.41
Samoa,2015,478.40,257.56,186.81
Samoa,2016,478.40,257.45,186.52
Samoa,2017,478.40,258.41,187.29
Samoa,2018,478.40,254.06,184.90
Samoa,2019,478.40,256.15,180.61
Samoa,2020,624.00,343.61,234.15
Samoa,2021,624.00,348.83,244.12
Samoa,2022,624.00,,232.81
San Marino,2017,1501.49,,1696.20
San Marino,2018,1501.49,,1773.19
San Marino,2019,1501.49,,1680.88
Saudi Arabia,2013,3000.00,1741.32,800.00
Senegal,2011,36244.00,145.40,76.91
Senegal,2012,36244.00,150.09,70.99
Senegal,2013,36244.00,147.74,73.38
Senegal,2014,36244.00,151.14,73.40
Senegal,2015,36244.00,152.03,61.30
Senegal,2016,36244.00,152.91,61.16
Senegal,2017,36244.00,151.92,62.42
Senegal,2018,52500.00,224.39,94.52
Senegal,2019,55000.00,235.20,93.87
Senegal,2020,55000.00,232.19,95.55
Senegal,2021,55000.00,,99.18
Senegal,2022,55000.00,,88.39
Serbia,2011,24066.76,545.16,328.18
Serbia,2012,27205.93,593.27,309.25
Serbia,2013,26975.75,566.04,316.77
Serbia,2014,26941.23,564.14,304.75
Serbia,2015,28403.28,588.53,261.03
Serbia,2016,28378.89,594.31,255.03
Serbia,2017,30586.31,625.00,283.84
Serbia,2018,33355.21,687.15,332.97
Serbia,2019,36365.00,741.90,345.51
Serbia,2020,40502.00,815.96,392.60
Serbia,2021,43044.00,845.99,433.06
Serbia,2022,47193.00,1299.02,423.64
Seychelles,2011,3640.00,442.11,294.00
Seychelles,2012,3640.00,430.80,265.62
Seychelles,2013,3856.67,433.00,319.83
Seychelles,2014,4628.00,516.91,363.06
Seychelles,2015,4628.00,505.49,347.61
Seychelles,2016,5772.00,652.51,433.36
Seychelles,2017,5772.00,639.41,422.92
Seychelles,2018,5772.00,631.64,414.92
Seychelles,2019,6061.47,663.35,431.94
Seychelles,2020,6633.47,676.94,376.55
Seychelles,2021,6633.47,,392.04
Seychelles,2022,6633.47,,465.40
Sierra Leone,2011,21000.00,11.50,4.83
Sierra Leone,2012,21000.00,11.75,4.83
Sierra Leone,2013,21000.00,11.54,4.85
Sierra Leone,2014,500000.00,277.36,110.52
Sierra Leone,2015,500000.00,272.88,98.41
Sierra Leone,2016,500000.00,262.51,79.49
Sierra Leone,2017,500000.00,234.91,67.71
Sierra Leone,2018,500000.00,207.39,63.04
Sierra Leone,2019,500000.00,183.92,55.49
Sierra Leone,2020,600000.00,196.95,61.04
Sierra Leone,2021,600000.00,184.32,57.47
Sierra Leone,2022,600000.00,51.09,65.87
Slovakia,2011,317.00,561.27,441.25
Slovakia,2012,327.00,574.22,420.13
Slovakia,2013,337.70,614.06,448.51
Slovakia,2014,352.00,645.94,467.63
Slovakia,2015,380.00,690.96,421.61
Slovakia,2016,405.00,689.62,448.30
Slovakia,2017,435.00,703.79,491.41
Slovakia,2018,480.00,773.36,566.86
Slovakia,2019,520.00,818.51,582.13
Slovakia,2020,580.00,896.85,662.47
Slovakia,2021,623.00,960.75,736.85
Slovakia,2022,646.00,1513.54,680.98
Slovenia,2011,748.10,1097.93,1041.32
Slovenia,2012,763.06,1126.00,980.37
Slovenia,2013,783.66,1177.26,1040.79
Slovenia,2014,789.15,1184.68,1048.39
Slovenia,2015,790.73,1181.27,877.33
Slovenia,2016,790.73,1207.40,875.26
Slovenia,2017,804.96,1240.01,909.35
Slovenia,2018,842.79,1313.21,995.30
Slovenia,2019,886.63,1386.09,992.56
Slovenia,2020,940.58,1483.97,1074.33
Slovenia,2021,1024.24,1606.71,1211.41
Slovenia,2022,1074.43,1633.86,1132.61
Solomon Islands,2011,832.00,116.67,108.88
Solomon Islands,2012,832.00,112.44,113.12
Solomon Islands,2013,832.00,108.25,113.94
Solomon Islands,2014,832.00,104.60,112.81
Solomon Islands,2015,832.00,105.33,105.12
Solomon Islands,2016,832.00,106.12,104.68
Solomon Islands,2017,832.00,107.85,105.48
Solomon Islands,2018,832.00,106.79,104.62
Solomon Islands,2019,1664.00,213.95,203.59
Solomon Islands,2020,1664.00,210.35,202.60
Solomon Islands,2021,1664.00,220.49,207.22
Solomon Islands,2022,1664.00,,204.58
South Africa,2011,1972.25,392.01,271.62
South Africa,2012,2140.25,417.83,260.69
South Africa,2013,2290.75,419.96,237.26
South Africa,2014,2483.25,430.47,228.81
South Africa,2015,2707.25,451.43,212.18
South Africa,2016,2871.75,454.90,195.23
South Africa,2017,3090.50,471.88,231.95
South Africa,2018,3307.50,495.05,249.93
South Africa,2019,3500.00,512.23,242.24
South Africa,2020,3633.00,521.44,220.73
South Africa,2021,3795.75,545.28,256.84
South Africa,2022,4058.25,336.20,251.27
Spain,2011,748.30,945.25,1041.60
Spain,2012,748.30,952.25,961.41
Spain,2013,752.85,992.61,999.87
Spain,2014,752.85,1011.59,1000.16
Spain,2015,756.70,1025.09,839.57
Spain,2016,764.40,1064.05,846.12
Spain,2017,825.65,1161.86,932.72
Spain,2018,858.55,1207.71,1013.91
Spain,2019,1050.00,1482.55,1175.45
Spain,2020,1108.33,1583.86,1265.93
Spain,2021,1108.33,1580.92,1310.87
Spain,2022,1166.67,1506.62,1229.84
Sri Lanka,2016,12500.00,241.42,85.86
Sri Lanka,2017,12500.00,225.22,82.00
Sri Lanka,2018,12500.00,225.90,76.94
Sri Lanka,2019,12500.00,222.16,69.93
Sri Lanka,2020,12500.00,211.86,67.35
Sri Lanka,2021,12500.00,207.27,
Sri Lanka,2022,12500.00,130.49,39.75
Sudan,2012,165.00,85.75,46.18
Sudan,2013,425.00,162.92,89.35
Suriname,2015,892.32,507.16,261.17
Suriname,2016,1085.76,422.56,174.32
Suriname,2017,1277.12,435.24,170.56
Suriname,2018,1277.12,,171.14
Suriname,2019,1747.20,556.34,234.27
Suriname,2020,1747.20,417.50,187.68
Suriname,2021,1747.20,274.72,95.80
Suriname,2022,4160.00,,181.97
Switzerland,2020,3983.60,2971.63,4242.54
Switzerland,2021,4007.85,3078.78,4385.69
Switzerland,2022,4030.36,3415.18,4215.55
Syrian Arab Republic,2011,6110.00,,126.41
Syrian Arab Republic,2012,6110.00,,94.61
Syrian Arab Republic,2013,9765.00,,89.81
Syrian Arab Republic,2014,9765.00,,63.36
Syrian Arab Republic,2015,9765.00,,41.20
Syrian Arab Republic,2016,9765.00,,21.22
Syrian Arab Republic,2017,9765.00,,19.82
Syrian Arab Republic,2018,9765.00,,
Syrian Arab Republic,2019,9765.00,,
Syrian Arab Republic,2020,9765.00,,
Syrian Arab Republic,2021,9765.00,,
Syrian Arab Republic,2022,9765.00,,
"Taiwan, China",2011,17880.00,,
"Taiwan, China",2012,18780.00,,
"Taiwan, China",2013,19047.00,,
Tajikistan,2011,80.00,44.78,17.35
Tajikistan,2012,200.00,111.62,42.21
Tajikistan,2013,250.00,128.39,52.47
Tajikistan,2014,250.00,126.25,50.63
Tajikistan,2015,250.00,114.34,40.56
Tajikistan,2016,400.00,170.26,51.05
Tajikistan,2017,400.00,154.15,46.79
Tajikistan,2018,400.00,,43.71
Tajikistan,2019,400.00,,41.97
Tajikistan,2020,400.00,,38.75
Tajikistan,2021,400.00,,35.37
Tajikistan,2022,600.00,,52.46
"Tanzania, United Republic of",2011,100000.00,169.84,64.21
"Tanzania, United Republic of",2012,100000.00,157.10,63.63
"Tanzania, United Republic of",2013,115000.00,168.71,71.98
"Tanzania, United Republic of",2014,115000.00,162.67,69.56
"Tanzania, United Republic of",2015,115000.00,158.07,57.75
"Tanzania, United Republic of",2016,115000.00,156.32,52.82
"Tanzania, United Republic of",2017,115000.00,152.39,51.60
"Tanzania, United Republic of",2018,115000.00,150.85,50.80
"Tanzania, United Republic of",2019,115000.00,148.44,50.26
"Tanzania, United Republic of",2020,115000.00,145.48,50.13
"Tanzania, United Republic of",2021,115000.00,,50.05
"Tanzania, United Republic of",2022,141450.00,,61.48
Thailand,2011,4446.00,348.47,145.81
Thailand,2012,6214.00,503.99,199.92
Thailand,2013,7800.00,610.24,253.86
Thailand,2014,7800.00,600.37,240.15
Thailand,2015,7800.00,600.74,227.75
Thailand,2016,7800.00,596.75,220.99
Thailand,2017,7930.00,596.81,233.65
Thailand,2018,8190.00,624.79,253.48
Thailand,2019,8190.00,631.64,263.79
Thailand,2020,8320.00,655.13,265.87
Thailand,2021,8320.00,677.57,260.19
Thailand,2022,8710.00,,249.20
Timor-Leste,2011,85.00,169.29,85.00
Timor-Leste,2012,115.00,220.07,115.00
Timor-Leste,2013,115.00,211.56,115.00
Timor-Leste,2014,115.00,224.63,115.00
Timor-Leste,2015,115.00,235.39,115.00
Timor-Leste,2016,115.00,254.27,115.00
Timor-Leste,2017,115.00,271.79,115.00
Timor-Leste,2018,115.00,272.18,115.00
Timor-Leste,2019,115.00,274.48,115.00
Timor-Leste,2020,115.00,,115.00
Timor-Leste,2021,115.00,,115.00
Timor-Leste,2022,115.00,,115.00
Togo,2011,28000.00,118.35,59.34
Togo,2012,35000.00,148.63,68.56
Togo,2013,35000.00,144.08,70.84
Togo,2014,35000.00,145.66,70.89
Togo,2015,35000.00,141.79,59.20
Togo,2016,35000.00,140.93,59.06
Togo,2017,35000.00,141.93,60.28
Togo,2018,35000.00,144.06,63.01
Togo,2019,35000.00,145.67,59.74
Togo,2020,35000.00,144.82,60.81
Togo,2021,35000.00,,63.12
Togo,2022,35000.00,,56.25
Trinidad and Tobago,2011,2600.00,575.16,405.66
Trinidad and Tobago,2012,2600.00,603.42,404.38
Trinidad and Tobago,2013,2600.00,577.79,403.56
Trinidad and Tobago,2014,2600.00,585.24,405.67
Trinidad and Tobago,2015,3120.00,706.51,489.22
Trinidad and Tobago,2016,3120.00,720.86,467.84
Trinidad and Tobago,2017,3120.00,740.82,460.21
Trinidad and Tobago,2018,3120.00,751.27,460.81
Trinidad and Tobago,2019,3640.00,883.52,538.91
Trinidad and Tobago,2020,3640.00,889.09,539.18
Trinidad and Tobago,2021,3640.00,,538.58
Trinidad and Tobago,2022,3640.00,,
Tunisia,2011,242.67,348.24,172.38
Tunisia,2012,260.00,380.02,166.46
Tunisia,2013,260.00,364.49,160.03
Tunisia,2014,277.33,385.63,163.36
Tunisia,2015,289.64,393.40,147.65
Tunisia,2016,289.64,396.16,134.84
Tunisia,2017,305.59,411.69,126.31
Tunisia,2018,323.44,415.98,122.20
Tunisia,2019,323.44,396.85,110.22
Tunisia,2020,365.73,430.05,130.04
Tunisia,2021,389.50,453.63,139.38
Tunisia,2022,389.50,367.52,
Türkiye,2011,837.00,728.92,499.72
Türkiye,2012,940.50,764.35,523.66
Türkiye,2013,1021.50,787.37,536.57
Türkiye,2014,1134.00,828.13,518.15
Türkiye,2015,1273.50,880.90,468.20
Türkiye,2016,1647.00,1059.06,545.34
Türkiye,2017,1777.50,1040.81,487.24
Türkiye,2018,2029.50,1053.03,420.33
Türkiye,2019,2558.40,1158.08,450.91
Türkiye,2020,2943.00,1173.15,419.91
Türkiye,2021,3577.50,1172.79,404.22
Türkiye,2022,6471.00,2680.46,
Turkmenistan,2013,440.00,290.82,
Turkmenistan,2014,485.00,314.88,
Turkmenistan,2015,535.00,331.76,
Turkmenistan,2016,590.00,366.27,
Turkmenistan,2017,650.00,390.85,
Turkmenistan,2018,715.00,,
Turkmenistan,2019,790.00,,
Turkmenistan,2020,870.00,,
Turkmenistan,2021,957.00,,
Turkmenistan,2022,1050.00,,
Uganda,2011,6000.00,6.35,2.38
Uganda,2012,6000.00,5.90,2.40
Uganda,2013,6000.00,5.63,2.32
Uganda,2014,6000.00,5.55,2.31
Uganda,2015,6000.00,5.32,1.85
Uganda,2016,6000.00,5.12,1.75
Uganda,2017,6000.00,4.91,1.66
Uganda,2018,6000.00,4.90,1.61
Uganda,2019,6000.00,4.85,1.62
Uganda,2020,6000.00,4.73,1.61
Uganda,2021,6000.00,4.87,1.67
Uganda,2022,6000.00,3.00,1.63
Ukraine,2011,1004.00,315.55,126.01
Ukraine,2012,1134.00,348.16,141.91
Ukraine,2013,1218.00,368.54,152.38
Ukraine,2014,1218.00,340.56,102.47
Ukraine,2015,1378.00,250.27,63.08
Ukraine,2016,1600.00,260.59,62.62
Ukraine,2017,3200.00,456.77,120.32
Ukraine,2018,3723.00,490.66,136.87
Ukraine,2019,4173.00,519.01,161.46
Ukraine,2020,4723.00,578.84,175.20
Ukraine,2021,6500.00,762.64,238.22
Ukraine,2022,6700.00,690.88,212.72
United Kingdom,2011,978.00,1257.59,1566.95
United Kingdom,2012,1004.00,1275.40,1585.98
United Kingdom,2013,1020.00,1286.44,1594.60
United Kingdom,2014,1043.00,1306.17,1716.22
United Kingdom,2015,1074.00,1332.84,1640.83
United Kingdom,2016,1193.00,1512.81,1610.78
United Kingdom,2017,1243.00,1579.85,1599.79
United Kingdom,2018,1300.00,1670.82,1734.42
United Kingdom,2019,1360.16,1746.52,1736.13
United Kingdom,2020,1444.66,1841.53,1852.13
United Kingdom,2021,1476.49,1883.25,2030.75
United Kingdom,2022,1574.25,1859.72,1952.70
United States,2011,1256.67,1256.67,1256.67
United States,2012,1256.67,1256.67,1256.67
United States,2013,1256.67,1256.67,1256.67
United States,2014,1256.67,1256.67,1256.67
United States,2015,1256.67,1256.67,1256.67
United States,2016,1256.67,1256.67,1256.67
United States,2017,1256.67,1256.67,1256.67
United States,2018,1256.67,1256.67,1256.67
United States,2019,1256.67,1256.67,1256.67
United States,2020,1256.67,1256.67,1256.67
United States,2021,1256.67,1256.67,1256.67
United States,2022,1256.67,1256.67,1256.67
Uzbekistan,2011,49735.00,78.82,
Uzbekistan,2012,62920.00,85.65,
Uzbekistan,2013,79590.00,92.68,37.99
Uzbekistan,2014,96105.00,98.19,41.59
Uzbekistan,2015,118400.00,105.15,46.11
Uzbekistan,2016,130240.00,101.35,43.92
Uzbekistan,2017,149775.00,98.44,29.29
Uzbekistan,2018,172240.00,98.68,21.34
Uzbekistan,2019,634880.00,323.35,71.85
Uzbekistan,2020,747300.00,341.38,74.33
Uzbekistan,2021,822000.00,354.66,77.48
Uzbekistan,2022,920000.00,120.93,83.50
Vanuatu,2011,26000.00,224.47,290.60
Vanuatu,2012,29466.67,256.21,318.09
Vanuatu,2013,29466.67,256.23,311.68
Vanuatu,2014,29466.67,258.32,303.56
Vanuatu,2015,29466.67,252.36,270.36
Vanuatu,2016,29466.67,253.41,271.64
Vanuatu,2017,29466.67,251.07,273.29
Vanuatu,2018,34666.67,295.69,314.67
Vanuatu,2019,38133.33,322.25,333.76
Vanuatu,2020,38133.33,309.72,330.50
Vanuatu,2021,38133.33,316.85,348.40
Vanuatu,2022,38133.33,,339.30
"Venezuela, Bolivarian Republic of",2011,1548.00,525.88,
"Venezuela, Bolivarian Republic of",2012,2048.00,,
"Venezuela, Bolivarian Republic of",2013,2973.00,,
"Venezuela, Bolivarian Republic of",2018,450000.00,,
"Venezuela, Bolivarian Republic of",2019,11250000.00,,
"Venezuela, Bolivarian Republic of",2020,40000000.00,,
"Venezuela, Bolivarian Republic of",2022,130.00,,
Viet Nam,2011,1125000.00,149.43,54.85
Viet Nam,2012,1665000.00,219.99,79.94
Viet Nam,2013,1950000.00,245.19,93.15
Viet Nam,2014,2250000.00,280.78,106.39
Viet Nam,2015,2575000.00,330.59,118.68
Viet Nam,2016,2900000.00,375.82,132.21
Viet Nam,2017,3110000.00,398.33,139.02
Viet Nam,2018,3310000.00,419.45,146.45
Viet Nam,2019,3480000.00,436.78,150.97
Viet Nam,2020,3675000.00,452.37,158.35
Viet Nam,2021,3675000.00,465.09,158.68
Viet Nam,2022,3895500.00,314.92,168.26
Zambia,2011,420.00,160.83,86.39
Zambia,2012,700.00,259.67,135.99
Zambia,2013,700.00,240.28,129.71
Zambia,2014,700.00,223.16,113.74
Zambia,2015,700.00,202.02,81.10
Zambia,2016,700.00,175.95,67.91
Zambia,2017,700.00,165.73,73.55
Zambia,2018,1050.00,236.91,100.40
Zambia,2019,1050.00,220.98,81.46
Zambia,2020,1050.00,193.30,57.24
Zambia,2021,1050.00,165.85,52.45
Zambia,2022,1050.00,,61.67
