Year,Country,Population
1990,Afghanistan,10694796
2000,Afghanistan,19542982
2012,Afghanistan,30466479
2013,Afghanistan,31541209
2014,Afghanistan,32716210
2015,Afghanistan,33753499
2016,Afghanistan,34636207
2017,Afghanistan,35643418
2018,Afghanistan,36686784
2019,Afghanistan,37769499
2020,Afghanistan,38972230
2021,Afghanistan,40099462
1990,Albania,3286542
2000,Albania,3089027
2012,Albania,2900401
2013,Albania,2895092
2014,Albania,2889104
2015,Albania,2880703
2016,Albania,2876101
2017,Albania,2873457
2018,Albania,2866376
2019,Albania,2854191
2020,Albania,2837849
2021,Albania,2811666
1990,Algeria,25518074
2000,Algeria,30774621
2012,Algeria,37260563
2013,Algeria,38000626
2014,Algeria,38760168
2015,Algeria,39543154
2016,Algeria,40339329
2017,Algeria,41136546
2018,Algeria,41927007
2019,Algeria,42705368
2020,Algeria,43451666
2021,Algeria,44177969
1990,American Samoa,47818
2000,American Samoa,58230
2012,American Samoa,53691
2013,American Samoa,52995
2014,American Samoa,52217
2015,American Samoa,51368
2016,American Samoa,50448
2017,American Samoa,49463
2018,American Samoa,48424
2019,American Samoa,47321
2020,American Samoa,46189
2021,American Samoa,45035
1990,Andorra,53569
2000,Andorra,66097
2012,Andorra,71013
2013,Andorra,71367
2014,Andorra,71621
2015,Andorra,71746
2016,Andorra,72540
2017,Andorra,73837
2018,Andorra,75013
2019,Andorra,76343
2020,Andorra,77700
2021,Andorra,79034
1990,Angola,11828638
2000,Angola,16394062
2012,Angola,25188292
2013,Angola,26147002
2014,Angola,27128337
2015,Angola,28127721
2016,Angola,29154746
2017,Angola,30208628
2018,Angola,31273533
2019,Angola,32353588
2020,Angola,33428486
2021,Angola,34503774
1990,Antigua and Barbuda,63328
2000,Antigua and Barbuda,75055
2012,Antigua and Barbuda,87674
2013,Antigua and Barbuda,88497
2014,Antigua and Barbuda,89236
2015,Antigua and Barbuda,89941
2016,Antigua and Barbuda,90564
2017,Antigua and Barbuda,91119
2018,Antigua and Barbuda,91626
2019,Antigua and Barbuda,92117
2020,Antigua and Barbuda,92664
2021,Antigua and Barbuda,93219
1990,Argentina,32637657
2000,Argentina,37070774
2012,Argentina,41733271
2013,Argentina,42202935
2014,Argentina,42669500
2015,Argentina,43131966
2016,Argentina,43590368
2017,Argentina,44044811
2018,Argentina,44494502
2019,Argentina,44938712
2020,Argentina,45376763
2021,Argentina,45808747
1990,Armenia,3556539
2000,Armenia,3168523
2012,Armenia,2914421
2013,Armenia,2901385
2014,Armenia,2889930
2015,Armenia,2878595
2016,Armenia,2865835
2017,Armenia,2851923
2018,Armenia,2836557
2019,Armenia,2820602
2020,Armenia,2805608
2021,Armenia,2790974
1990,Aruba,65712
2000,Aruba,89101
2012,Aruba,102112
2013,Aruba,102880
2014,Aruba,103594
2015,Aruba,104257
2016,Aruba,104874
2017,Aruba,105439
2018,Aruba,105962
2019,Aruba,106442
2020,Aruba,106585
2021,Aruba,106537
1990,Australia,17065128
2000,Australia,19028802
2012,Australia,22733465
2013,Australia,23128129
2014,Australia,23475686
2015,Australia,23815995
2016,Australia,24190907
2017,Australia,24594202
2018,Australia,24966643
2019,Australia,25340217
2020,Australia,25655289
2021,Australia,25688079
1990,Austria,7677850
2000,Austria,8011566
2012,Austria,8429991
2013,Austria,8479823
2014,Austria,8546356
2015,Austria,8642699
2016,Austria,8736668
2017,Austria,8797566
2018,Austria,8840521
2019,Austria,8879920
2020,Austria,8916864
2021,Austria,8955797
1990,Azerbaijan,7175200
2000,Azerbaijan,8048600
2012,Azerbaijan,9295784
2013,Azerbaijan,9416801
2014,Azerbaijan,9535079
2015,Azerbaijan,9649341
2016,Azerbaijan,9757812
2017,Azerbaijan,9854033
2018,Azerbaijan,9939771
2019,Azerbaijan,10024283
2020,Azerbaijan,10093121
2021,Azerbaijan,10137750
1990,"Bahamas, The",270679
2000,"Bahamas, The",325014
2012,"Bahamas, The",382061
2013,"Bahamas, The",385650
2014,"Bahamas, The",389131
2015,"Bahamas, The",392697
2016,"Bahamas, The",395976
2017,"Bahamas, The",399020
2018,"Bahamas, The",401906
2019,"Bahamas, The",404557
2020,"Bahamas, The",406471
2021,"Bahamas, The",407906
1990,Bahrain,517418
2000,Bahrain,711442
2012,Bahrain,1224939
2013,Bahrain,1261673
2014,Bahrain,1311134
2015,Bahrain,1362142
2016,Bahrain,1409661
2017,Bahrain,1456834
2018,Bahrain,1487340
2019,Bahrain,1494188
2020,Bahrain,1477469
2021,Bahrain,1463265
1990,Bangladesh,107147651
2000,Bangladesh,129193327
2012,Bangladesh,152090649
2013,Bangladesh,154030139
2014,Bangladesh,155961299
2015,Bangladesh,157830000
2016,Bangladesh,159784568
2017,Bangladesh,161793964
2018,Bangladesh,163683958
2019,Bangladesh,165516222
2020,Bangladesh,167420951
2021,Bangladesh,169356251
1990,Barbados,258868
2000,Barbados,264657
2012,Barbados,276197
2013,Barbados,276865
2014,Barbados,277493
2015,Barbados,278083
2016,Barbados,278649
2017,Barbados,279187
2018,Barbados,279688
2019,Barbados,280180
2020,Barbados,280693
2021,Barbados,281200
1990,Belarus,10189348
2000,Belarus,9979610
2012,Belarus,9446836
2013,Belarus,9443211
2014,Belarus,9448515
2015,Belarus,9461076
2016,Belarus,9469379
2017,Belarus,9458989
2018,Belarus,9438785
2019,Belarus,9419758
2020,Belarus,9379952
2021,Belarus,9340314
1990,Belgium,9967379
2000,Belgium,10251250
2012,Belgium,11106932
2013,Belgium,11159407
2014,Belgium,11209057
2015,Belgium,11274196
2016,Belgium,11331422
2017,Belgium,11375158
2018,Belgium,11427054
2019,Belgium,11488980
2020,Belgium,11538604
2021,Belgium,11592952
1990,Belize,182589
2000,Belize,240406
2012,Belize,337059
2013,Belize,344688
2014,Belize,352335
2015,Belize,359871
2016,Belize,367313
2017,Belize,374693
2018,Belize,382066
2019,Belize,389095
2020,Belize,394921
2021,Belize,400031
1990,Benin,5133419
2000,Benin,6998023
2012,Benin,10014078
2013,Benin,10308730
2014,Benin,10614844
2015,Benin,10932783
2016,Benin,11260085
2017,Benin,11596779
2018,Benin,11940683
2019,Benin,12290444
2020,Benin,12643123
2021,Benin,12996895
1990,Bermuda,59326
2000,Bermuda,61833
2012,Bermuda,64798
2013,Bermuda,65001
2014,Bermuda,65138
2015,Bermuda,65237
2016,Bermuda,64554
2017,Bermuda,63873
2018,Bermuda,63918
2019,Bermuda,63911
2020,Bermuda,63893
2021,Bermuda,63867
1990,Bhutan,558442
2000,Bhutan,587207
2012,Bhutan,721145
2013,Bhutan,728889
2014,Bhutan,736357
2015,Bhutan,743274
2016,Bhutan,749761
2017,Bhutan,756121
2018,Bhutan,762096
2019,Bhutan,767459
2020,Bhutan,772506
2021,Bhutan,777486
1990,Bolivia,7096194
2000,Bolivia,8592656
2012,Bolivia,10569697
2013,Bolivia,10743349
2014,Bolivia,10916987
2015,Bolivia,11090085
2016,Bolivia,11263015
2017,Bolivia,11435533
2018,Bolivia,11606905
2019,Bolivia,11777315
2020,Bolivia,11936162
2021,Bolivia,12079472
1990,Bosnia and Herzegovina,4494310
2000,Bosnia and Herzegovina,4179350
2012,Bosnia and Herzegovina,3674374
2013,Bosnia and Herzegovina,3617559
2014,Bosnia and Herzegovina,3571068
2015,Bosnia and Herzegovina,3524324
2016,Bosnia and Herzegovina,3480986
2017,Bosnia and Herzegovina,3440027
2018,Bosnia and Herzegovina,3400129
2019,Bosnia and Herzegovina,3360711
2020,Bosnia and Herzegovina,3318407
2021,Bosnia and Herzegovina,3270943
1990,Botswana,1341474
2000,Botswana,1726985
2012,Botswana,2175425
2013,Botswana,2217278
2014,Botswana,2260376
2015,Botswana,2305171
2016,Botswana,2352416
2017,Botswana,2401840
2018,Botswana,2451409
2019,Botswana,2499702
2020,Botswana,2546402
2021,Botswana,2588423
1990,Brazil,150706446
2000,Brazil,175873720
2012,Brazil,199977707
2013,Brazil,201721767
2014,Brazil,203459650
2015,Brazil,205188205
2016,Brazil,206859578
2017,Brazil,208504960
2018,Brazil,210166592
2019,Brazil,211782878
2020,Brazil,213196304
2021,Brazil,214326223
1990,British Virgin Islands,15617
2000,British Virgin Islands,20104
2012,British Virgin Islands,28421
2013,British Virgin Islands,28657
2014,British Virgin Islands,28971
2015,British Virgin Islands,29366
2016,British Virgin Islands,29739
2017,British Virgin Islands,30060
2018,British Virgin Islands,30335
2019,British Virgin Islands,30610
2020,British Virgin Islands,30910
2021,British Virgin Islands,31122
1990,Brunei Darussalam,261928
2000,Brunei Darussalam,333926
2012,Brunei Darussalam,406634
2013,Brunei Darussalam,411702
2014,Brunei Darussalam,416656
2015,Brunei Darussalam,421437
2016,Brunei Darussalam,425994
2017,Brunei Darussalam,430276
2018,Brunei Darussalam,434274
2019,Brunei Darussalam,438048
2020,Brunei Darussalam,441725
2021,Brunei Darussalam,445373
1990,Bulgaria,8718289
2000,Bulgaria,8170172
2012,Bulgaria,7305888
2013,Bulgaria,7265115
2014,Bulgaria,7223938
2015,Bulgaria,7177991
2016,Bulgaria,7127822
2017,Bulgaria,7075947
2018,Bulgaria,7025037
2019,Bulgaria,6975761
2020,Bulgaria,6934015
2021,Bulgaria,6877743
1990,Burkina Faso,9131361
2000,Burkina Faso,11882888
2012,Burkina Faso,17113732
2013,Burkina Faso,17636408
2014,Burkina Faso,18169842
2015,Burkina Faso,18718019
2016,Burkina Faso,19275498
2017,Burkina Faso,19835858
2018,Burkina Faso,20392723
2019,Burkina Faso,20951639
2020,Burkina Faso,21522626
2021,Burkina Faso,22100683
1990,Burundi,5483793
2000,Burundi,6307659
2012,Burundi,9795479
2013,Burundi,10149577
2014,Burundi,10494913
2015,Burundi,10727148
2016,Burundi,10903327
2017,Burundi,11155593
2018,Burundi,11493472
2019,Burundi,11874838
2020,Burundi,12220227
2021,Burundi,12551213
1990,Cabo Verde,364563
2000,Cabo Verde,458251
2012,Cabo Verde,533864
2013,Cabo Verde,539940
2014,Cabo Verde,546076
2015,Cabo Verde,552166
2016,Cabo Verde,558394
2017,Cabo Verde,564954
2018,Cabo Verde,571202
2019,Cabo Verde,577030
2020,Cabo Verde,582640
2021,Cabo Verde,587925
1990,Cambodia,8910808
2000,Cambodia,12118841
2012,Cambodia,14786640
2013,Cambodia,14999683
2014,Cambodia,15210817
2015,Cambodia,15417523
2016,Cambodia,15624584
2017,Cambodia,15830689
2018,Cambodia,16025238
2019,Cambodia,16207746
2020,Cambodia,16396860
2021,Cambodia,16589023
1990,Cameroon,11430520
2000,Cameroon,15091594
2012,Cameroon,21032684
2013,Cameroon,21632850
2014,Cameroon,22299585
2015,Cameroon,23012646
2016,Cameroon,23711630
2017,Cameroon,24393181
2018,Cameroon,25076747
2019,Cameroon,25782341
2020,Cameroon,26491087
2021,Cameroon,27198628
1990,Canada,27691138
2000,Canada,30685730
2012,Canada,34714222
2013,Canada,35082954
2014,Canada,35437435
2015,Canada,35702908
2016,Canada,36109487
2017,Canada,36545236
2018,Canada,37065084
2019,Canada,37601230
2020,Canada,38037204
2021,Canada,38246108
1990,Cayman Islands,26027
2000,Cayman Islands,39658
2012,Cayman Islands,56860
2013,Cayman Islands,58212
2014,Cayman Islands,59559
2015,Cayman Islands,60911
2016,Cayman Islands,62255
2017,Cayman Islands,63581
2018,Cayman Islands,64884
2019,Cayman Islands,66134
2020,Cayman Islands,67311
2021,Cayman Islands,68136
1990,Central African Republic,2809221
2000,Central African Republic,3759170
2012,Central African Republic,4773306
2013,Central African Republic,4802428
2014,Central African Republic,4798734
2015,Central African Republic,4819333
2016,Central African Republic,4904177
2017,Central African Republic,4996741
2018,Central African Republic,5094780
2019,Central African Republic,5209324
2020,Central African Republic,5343020
2021,Central African Republic,5457154
1990,Chad,5827069
2000,Chad,8259137
2012,Chad,12754906
2013,Chad,13216766
2014,Chad,13697126
2015,Chad,14140274
2016,Chad,14592585
2017,Chad,15085884
2018,Chad,15604210
2019,Chad,16126866
2020,Chad,16644701
2021,Chad,17179740
1990,Channel Islands,140601
2000,Channel Islands,145306
2012,Channel Islands,158621
2013,Channel Islands,159794
2014,Channel Islands,160912
2015,Channel Islands,162190
2016,Channel Islands,163721
2017,Channel Islands,165215
2018,Channel Islands,167259
2019,Channel Islands,169410
2020,Channel Islands,171113
2021,Channel Islands,172683
1990,Chile,13342868
2000,Chile,15351799
2012,Chile,17341771
2013,Chile,17509925
2014,Chile,17687108
2015,Chile,17870124
2016,Chile,18083879
2017,Chile,18368577
2018,Chile,18701450
2019,Chile,19039485
2020,Chile,19300315
2021,Chile,19493184
1990,China,1135185000
2000,China,1262645000
2012,China,1354190000
2013,China,1363240000
2014,China,1371860000
2015,China,1379860000
2016,China,1387790000
2017,China,1396215000
2018,China,1402760000
2019,China,1407745000
2020,China,1411100000
2021,China,1412360000
1990,Colombia,32601393
2000,Colombia,39215135
2012,Colombia,45782417
2013,Colombia,46237930
2014,Colombia,46677947
2015,Colombia,47119728
2016,Colombia,47625955
2017,Colombia,48351671
2018,Colombia,49276961
2019,Colombia,50187406
2020,Colombia,50930662
2021,Colombia,51516562
1990,Comoros,431119
2000,Comoros,536758
2012,Comoros,684553
2013,Comoros,699393
2014,Comoros,714612
2015,Comoros,730216
2016,Comoros,746232
2017,Comoros,761664
2018,Comoros,776313
2019,Comoros,790986
2020,Comoros,806166
2021,Comoros,821625
1990,"Congo, Dem. Rep.",35987541
2000,"Congo, Dem. Rep.",48616317
2012,"Congo, Dem. Rep.",70997870
2013,"Congo, Dem. Rep.",73460021
2014,"Congo, Dem. Rep.",76035588
2015,"Congo, Dem. Rep.",78656904
2016,"Congo, Dem. Rep.",81430977
2017,"Congo, Dem. Rep.",84283273
2018,"Congo, Dem. Rep.",87087355
2019,"Congo, Dem. Rep.",89906890
2020,"Congo, Dem. Rep.",92853164
2021,"Congo, Dem. Rep.",95894118
1990,"Congo, Rep.",2385435
2000,"Congo, Rep.",3134030
2012,"Congo, Rep.",4713257
2013,"Congo, Rep.",4828066
2014,"Congo, Rep.",4944861
2015,"Congo, Rep.",5064386
2016,"Congo, Rep.",5186824
2017,"Congo, Rep.",5312340
2018,"Congo, Rep.",5441062
2019,"Congo, Rep.",5570733
2020,"Congo, Rep.",5702174
2021,"Congo, Rep.",5835806
1990,Costa Rica,3158253
2000,Costa Rica,3979193
2012,Costa Rica,4736593
2013,Costa Rica,4791535
2014,Costa Rica,4844288
2015,Costa Rica,4895242
2016,Costa Rica,4945205
2017,Costa Rica,4993842
2018,Costa Rica,5040734
2019,Costa Rica,5084532
2020,Costa Rica,5123105
2021,Costa Rica,5153957
1990,Cote d'Ivoire,11910540
2000,Cote d'Ivoire,16799670
2012,Cote d'Ivoire,22010712
2013,Cote d'Ivoire,22469268
2014,Cote d'Ivoire,22995555
2015,Cote d'Ivoire,23596741
2016,Cote d'Ivoire,24213622
2017,Cote d'Ivoire,24848016
2018,Cote d'Ivoire,25493988
2019,Cote d'Ivoire,26147551
2020,Cote d'Ivoire,26811790
2021,Cote d'Ivoire,27478249
1990,Croatia,4777368
2000,Croatia,4468302
2012,Croatia,4267558
2013,Croatia,4255689
2014,Croatia,4238389
2015,Croatia,4203604
2016,Croatia,4174349
2017,Croatia,4124531
2018,Croatia,4087843
2019,Croatia,4065253
2020,Croatia,4047680
2021,Croatia,3899000
1990,Cuba,10626680
2000,Cuba,11105791
2012,Cuba,11309290
2013,Cuba,11321579
2014,Cuba,11332026
2015,Cuba,11339894
2016,Cuba,11342012
2017,Cuba,11336405
2018,Cuba,11328244
2019,Cuba,11316697
2020,Cuba,11300698
2021,Cuba,11256372
1990,Curacao,145400
2000,Curacao,133860
2012,Curacao,152088
2013,Curacao,153822
2014,Curacao,155909
2015,Curacao,157980
2016,Curacao,159664
2017,Curacao,160175
2018,Curacao,159336
2019,Curacao,157441
2020,Curacao,154947
2021,Curacao,152369
1990,Cyprus,788500
2000,Cyprus,948237
2012,Cyprus,1156556
2013,Cyprus,1166968
2014,Cyprus,1176995
2015,Cyprus,1187280
2016,Cyprus,1197881
2017,Cyprus,1208523
2018,Cyprus,1218831
2019,Cyprus,1228836
2020,Cyprus,1237537
2021,Cyprus,1244188
1990,Czechia,10333355
2000,Czechia,10255063
2012,Czechia,10510785
2013,Czechia,10514272
2014,Czechia,10525347
2015,Czechia,10546059
2016,Czechia,10566332
2017,Czechia,10594438
2018,Czechia,10629928
2019,Czechia,10671870
2020,Czechia,10697858
2021,Czechia,10505772
1990,Denmark,5140939
2000,Denmark,5339616
2012,Denmark,5591572
2013,Denmark,5614932
2014,Denmark,5643475
2015,Denmark,5683483
2016,Denmark,5728010
2017,Denmark,5764980
2018,Denmark,5793636
2019,Denmark,5814422
2020,Denmark,5831404
2021,Denmark,5856733
1990,Djibouti,577173
2000,Djibouti,742033
2012,Djibouti,954297
2013,Djibouti,971753
2014,Djibouti,989087
2015,Djibouti,1006259
2016,Djibouti,1023261
2017,Djibouti,1040233
2018,Djibouti,1057198
2019,Djibouti,1073994
2020,Djibouti,1090156
2021,Djibouti,1105557
1990,Dominica,69481
2000,Dominica,68346
2012,Dominica,68888
2013,Dominica,68819
2014,Dominica,69371
2015,Dominica,70007
2016,Dominica,70075
2017,Dominica,70403
2018,Dominica,70823
2019,Dominica,71428
2020,Dominica,71995
2021,Dominica,72412
1990,Dominican Republic,7129004
2000,Dominican Republic,8540791
2012,Dominican Republic,10030882
2013,Dominican Republic,10157051
2014,Dominican Republic,10282115
2015,Dominican Republic,10405832
2016,Dominican Republic,10527592
2017,Dominican Republic,10647244
2018,Dominican Republic,10765531
2019,Dominican Republic,10881882
2020,Dominican Republic,10999664
2021,Dominican Republic,11117873
1990,Ecuador,10449837
2000,Ecuador,12626507
2012,Ecuador,15483883
2013,Ecuador,15722989
2014,Ecuador,15957994
2015,Ecuador,16195902
2016,Ecuador,16439585
2017,Ecuador,16696944
2018,Ecuador,17015672
2019,Ecuador,17343740
2020,Ecuador,17588595
2021,Ecuador,17797737
1990,"Egypt, Arab Rep.",57214630
2000,"Egypt, Arab Rep.",71371371
2012,"Egypt, Arab Rep.",91240376
2013,"Egypt, Arab Rep.",93377890
2014,"Egypt, Arab Rep.",95592324
2015,"Egypt, Arab Rep.",97723799
2016,"Egypt, Arab Rep.",99784030
2017,"Egypt, Arab Rep.",101789386
2018,"Egypt, Arab Rep.",103740765
2019,"Egypt, Arab Rep.",105618671
2020,"Egypt, Arab Rep.",107465134
2021,"Egypt, Arab Rep.",109262178
1990,El Salvador,5367179
2000,El Salvador,5958482
2012,El Salvador,6161289
2013,El Salvador,6185642
2014,El Salvador,6209526
2015,El Salvador,6231066
2016,El Salvador,6250510
2017,El Salvador,6266654
2018,El Salvador,6276342
2019,El Salvador,6280217
2020,El Salvador,6292731
2021,El Salvador,6314167
1990,Equatorial Guinea,465549
2000,Equatorial Guinea,684977
2012,Equatorial Guinea,1193636
2013,Equatorial Guinea,1243941
2014,Equatorial Guinea,1295183
2015,Equatorial Guinea,1346973
2016,Equatorial Guinea,1398927
2017,Equatorial Guinea,1450694
2018,Equatorial Guinea,1502091
2019,Equatorial Guinea,1553031
2020,Equatorial Guinea,1596049
2021,Equatorial Guinea,1634466
1990,Eritrea,2149960
2000,Eritrea,2392880
2012,Eritrea,3252596
2013,Eritrea,3296367
2014,Eritrea,3323425
2015,Eritrea,3340006
2016,Eritrea,3365287
2017,Eritrea,3396933
2018,Eritrea,3445374
2019,Eritrea,3498818
2020,Eritrea,3555868
2021,Eritrea,3620312
1990,Estonia,1569174
2000,Estonia,1396985
2012,Estonia,1322696
2013,Estonia,1317997
2014,Estonia,1314545
2015,Estonia,1315407
2016,Estonia,1315790
2017,Estonia,1317384
2018,Estonia,1321977
2019,Estonia,1326898
2020,Estonia,1329522
2021,Estonia,1330932
1990,Eswatini,854011
2000,Eswatini,1030496
2012,Eswatini,1111444
2013,Eswatini,1118319
2014,Eswatini,1125865
2015,Eswatini,1133936
2016,Eswatini,1142524
2017,Eswatini,1151390
2018,Eswatini,1160428
2019,Eswatini,1169613
2020,Eswatini,1180655
2021,Eswatini,1192271
1990,Ethiopia,47878073
2000,Ethiopia,67031867
2012,Ethiopia,94451280
2013,Ethiopia,97084366
2014,Ethiopia,99746766
2015,Ethiopia,102471895
2016,Ethiopia,105293228
2017,Ethiopia,108197950
2018,Ethiopia,111129438
2019,Ethiopia,114120594
2020,Ethiopia,117190911
2021,Ethiopia,120283026
1990,Faroe Islands,47479
2000,Faroe Islands,45660
2012,Faroe Islands,48392
2013,Faroe Islands,48418
2014,Faroe Islands,48465
2015,Faroe Islands,48816
2016,Faroe Islands,49500
2017,Faroe Islands,50230
2018,Faroe Islands,50955
2019,Faroe Islands,51681
2020,Faroe Islands,52415
2021,Faroe Islands,52889
1990,Fiji,780430
2000,Fiji,832509
2012,Fiji,911059
2013,Fiji,913453
2014,Fiji,915560
2015,Fiji,917200
2016,Fiji,918371
2017,Fiji,919019
2018,Fiji,918996
2019,Fiji,918465
2020,Fiji,920422
2021,Fiji,924610
1990,Finland,4986431
2000,Finland,5176209
2012,Finland,5413971
2013,Finland,5438972
2014,Finland,5461512
2015,Finland,5479531
2016,Finland,5495303
2017,Finland,5508214
2018,Finland,5515525
2019,Finland,5521606
2020,Finland,5529543
2021,Finland,5541017
1990,France,58044701
2000,France,60921384
2012,France,65662240
2013,France,66002289
2014,France,66312067
2015,France,66548272
2016,France,66724104
2017,France,66918020
2018,France,67158348
2019,France,67388001
2020,France,67571107
2021,France,67749632
1990,French Polynesia,211089
2000,French Polynesia,250927
2012,French Polynesia,286584
2013,French Polynesia,288032
2014,French Polynesia,289873
2015,French Polynesia,291787
2016,French Polynesia,293541
2017,French Polynesia,295450
2018,French Polynesia,297606
2019,French Polynesia,299717
2020,French Polynesia,301920
2021,French Polynesia,304032
1990,Gabon,983028
2000,Gabon,1272935
2012,Gabon,1836705
2013,Gabon,1902226
2014,Gabon,1966855
2015,Gabon,2028517
2016,Gabon,2086206
2017,Gabon,2140215
2018,Gabon,2192012
2019,Gabon,2242785
2020,Gabon,2292573
2021,Gabon,2341179
1990,"Gambia, The",1040616
2000,"Gambia, The",1437539
2012,"Gambia, The",2061014
2013,"Gambia, The",2124869
2014,"Gambia, The",2189019
2015,"Gambia, The",2253133
2016,"Gambia, The",2317206
2017,"Gambia, The",2381182
2018,"Gambia, The",2444916
2019,"Gambia, The",2508883
2020,"Gambia, The",2573995
2021,"Gambia, The",2639916
1990,Georgia,4802000
2000,Georgia,4077131
2012,Georgia,3728874
2013,Georgia,3717668
2014,Georgia,3719414
2015,Georgia,3725276
2016,Georgia,3727505
2017,Georgia,3728004
2018,Georgia,3726549
2019,Georgia,3720161
2020,Georgia,3722716
2021,Georgia,3708610
1990,Germany,79433029
2000,Germany,82211508
2012,Germany,80425823
2013,Germany,80645605
2014,Germany,80982500
2015,Germany,81686611
2016,Germany,82348669
2017,Germany,82657002
2018,Germany,82905782
2019,Germany,83092962
2020,Germany,83160871
2021,Germany,83196078
1990,Ghana,15446982
2000,Ghana,19665502
2012,Ghana,26858762
2013,Ghana,27525597
2014,Ghana,28196358
2015,Ghana,28870939
2016,Ghana,29554303
2017,Ghana,30222262
2018,Ghana,30870641
2019,Ghana,31522290
2020,Ghana,32180401
2021,Ghana,32833031
1990,Gibraltar,27317
2000,Gibraltar,27741
2012,Gibraltar,32160
2013,Gibraltar,32411
2014,Gibraltar,32452
2015,Gibraltar,32520
2016,Gibraltar,32565
2017,Gibraltar,32602
2018,Gibraltar,32648
2019,Gibraltar,32685
2020,Gibraltar,32709
2021,Gibraltar,32669
1990,Greece,10196792
2000,Greece,10805808
2012,Greece,11045011
2013,Greece,10965211
2014,Greece,10892413
2015,Greece,10820883
2016,Greece,10775971
2017,Greece,10754679
2018,Greece,10732882
2019,Greece,10721582
2020,Greece,10698599
2021,Greece,10641221
1990,Greenland,55600
2000,Greenland,56200
2012,Greenland,56810
2013,Greenland,56483
2014,Greenland,56295
2015,Greenland,56114
2016,Greenland,56186
2017,Greenland,56171
2018,Greenland,56023
2019,Greenland,56225
2020,Greenland,56367
2021,Greenland,56653
1990,Grenada,99047
2000,Grenada,107432
2012,Grenada,115912
2013,Grenada,116945
2014,Grenada,117972
2015,Grenada,118980
2016,Grenada,119966
2017,Grenada,120921
2018,Grenada,121838
2019,Grenada,122724
2020,Grenada,123663
2021,Grenada,124610
1990,Guam,138263
2000,Guam,160188
2012,Guam,166392
2013,Guam,167054
2014,Guam,167543
2015,Guam,167978
2016,Guam,168346
2017,Guam,168606
2018,Guam,168678
2019,Guam,168624
2020,Guam,169231
2021,Guam,170534
1990,Guatemala,9050115
2000,Guatemala,11589761
2012,Guatemala,14781942
2013,Guatemala,15043981
2014,Guatemala,15306316
2015,Guatemala,15567419
2016,Guatemala,15827690
2017,Guatemala,16087418
2018,Guatemala,16346950
2019,Guatemala,16604026
2020,Guatemala,16858333
2021,Guatemala,17109746
1990,Guinea,6354145
2000,Guinea,8336967
2012,Guinea,10788692
2013,Guinea,11055430
2014,Guinea,11333365
2015,Guinea,11625998
2016,Guinea,11930985
2017,Guinea,12240789
2018,Guinea,12554864
2019,Guinea,12877539
2020,Guinea,13205153
2021,Guinea,13531906
1990,Guinea-Bissau,973551
2000,Guinea-Bissau,1230849
2012,Guinea-Bissau,1652717
2013,Guinea-Bissau,1697753
2014,Guinea-Bissau,1743309
2015,Guinea-Bissau,1788919
2016,Guinea-Bissau,1834552
2017,Guinea-Bissau,1879826
2018,Guinea-Bissau,1924955
2019,Guinea-Bissau,1970457
2020,Guinea-Bissau,2015828
2021,Guinea-Bissau,2060721
1990,Guyana,747116
2000,Guyana,759051
2012,Guyana,743966
2013,Guyana,747420
2014,Guyana,751115
2015,Guyana,755031
2016,Guyana,759087
2017,Guyana,763252
2018,Guyana,785514
2019,Guyana,798753
2020,Guyana,797202
2021,Guyana,804567
1990,Haiti,6925331
2000,Haiti,8360225
2012,Haiti,10108539
2013,Haiti,10261206
2014,Haiti,10412740
2015,Haiti,10563757
2016,Haiti,10713849
2017,Haiti,10863543
2018,Haiti,11012421
2019,Haiti,11160438
2020,Haiti,11306801
2021,Haiti,11447569
1990,Honduras,5053234
2000,Honduras,6656725
2012,Honduras,8792367
2013,Honduras,8960657
2014,Honduras,9127846
2015,Honduras,9294505
2016,Honduras,9460798
2017,Honduras,9626842
2018,Honduras,9792850
2019,Honduras,9958829
2020,Honduras,10121763
2021,Honduras,10278345
1990,"Hong Kong SAR, China",5704500
2000,"Hong Kong SAR, China",6665000
2012,"Hong Kong SAR, China",7150100
2013,"Hong Kong SAR, China",7178900
2014,"Hong Kong SAR, China",7229500
2015,"Hong Kong SAR, China",7291300
2016,"Hong Kong SAR, China",7336600
2017,"Hong Kong SAR, China",7393200
2018,"Hong Kong SAR, China",7452600
2019,"Hong Kong SAR, China",7507900
2020,"Hong Kong SAR, China",7481000
2021,"Hong Kong SAR, China",7413100
1990,Hungary,10373988
2000,Hungary,10210971
2012,Hungary,9920362
2013,Hungary,9893082
2014,Hungary,9866468
2015,Hungary,9843028
2016,Hungary,9814023
2017,Hungary,9787966
2018,Hungary,9775564
2019,Hungary,9771141
2020,Hungary,9750149
2021,Hungary,9709891
1990,Iceland,254826
2000,Iceland,281205
2012,Iceland,320716
2013,Iceland,323764
2014,Iceland,327386
2015,Iceland,330815
2016,Iceland,335439
2017,Iceland,343400
2018,Iceland,352721
2019,Iceland,360563
2020,Iceland,366463
2021,Iceland,372520
1990,India,870452165
2000,India,1059633675
2012,India,1274487215
2013,India,1291132063
2014,India,1307246509
2015,India,1322866505
2016,India,1338636340
2017,India,1354195680
2018,India,1369003306
2019,India,1383112050
2020,India,1396387127
2021,India,1407563842
1990,Indonesia,182159874
2000,Indonesia,214072421
2012,Indonesia,250222695
2013,Indonesia,253275918
2014,Indonesia,256229761
2015,Indonesia,259091970
2016,Indonesia,261850182
2017,Indonesia,264498852
2018,Indonesia,267066843
2019,Indonesia,269582878
2020,Indonesia,271857970
2021,Indonesia,273753191
1990,"Iran, Islamic Rep.",55793629
2000,"Iran, Islamic Rep.",65544383
2012,"Iran, Islamic Rep.",77324451
2013,"Iran, Islamic Rep.",78458928
2014,"Iran, Islamic Rep.",79961672
2015,"Iran, Islamic Rep.",81790841
2016,"Iran, Islamic Rep.",83306231
2017,"Iran, Islamic Rep.",84505076
2018,"Iran, Islamic Rep.",85617562
2019,"Iran, Islamic Rep.",86564202
2020,"Iran, Islamic Rep.",87290193
2021,"Iran, Islamic Rep.",87923432
1990,Iraq,17658381
2000,Iraq,24628858
2012,Iraq,33864447
2013,Iraq,35481800
2014,Iraq,36746488
2015,Iraq,37757813
2016,Iraq,38697943
2017,Iraq,39621162
2018,Iraq,40590700
2019,Iraq,41563520
2020,Iraq,42556984
2021,Iraq,43533592
1990,Ireland,3513974
2000,Ireland,3805174
2012,Ireland,4599533
2013,Ireland,4623816
2014,Ireland,4657740
2015,Ireland,4701957
2016,Ireland,4755335
2017,Ireland,4807388
2018,Ireland,4867316
2019,Ireland,4934340
2020,Ireland,4985382
2021,Ireland,5033165
1990,Isle of Man,68865
2000,Isle of Man,75562
2012,Isle of Man,84338
2013,Isle of Man,84144
2014,Isle of Man,83896
2015,Isle of Man,83593
2016,Isle of Man,83450
2017,Isle of Man,83580
2018,Isle of Man,83775
2019,Isle of Man,83933
2020,Isle of Man,84046
2021,Isle of Man,84263
1990,Israel,4660000
2000,Israel,6289000
2012,Israel,7910500
2013,Israel,8059500
2014,Israel,8215700
2015,Israel,8380100
2016,Israel,8546000
2017,Israel,8713300
2018,Israel,8882800
2019,Israel,9054000
2020,Israel,9215100
2021,Israel,9364000
1990,Italy,56719240
2000,Italy,56942108
2012,Italy,59539717
2013,Italy,60233948
2014,Italy,60789140
2015,Italy,60730582
2016,Italy,60627498
2017,Italy,60536709
2018,Italy,60421760
2019,Italy,59729081
2020,Italy,59438851
2021,Italy,59109668
1990,Jamaica,2392030
2000,Jamaica,2612205
2012,Jamaica,2759817
2013,Jamaica,2773129
2014,Jamaica,2784543
2015,Jamaica,2794445
2016,Jamaica,2802695
2017,Jamaica,2808376
2018,Jamaica,2811835
2019,Jamaica,2813773
2020,Jamaica,2820436
2021,Jamaica,2827695
1990,Japan,123478000
2000,Japan,126843000
2012,Japan,127629000
2013,Japan,127445000
2014,Japan,127276000
2015,Japan,127141000
2016,Japan,127076000
2017,Japan,126972000
2018,Japan,126811000
2019,Japan,126633000
2020,Japan,126261000
2021,Japan,125681593
1990,Jordan,3480587
2000,Jordan,5056174
2012,Jordan,7211863
2013,Jordan,7694814
2014,Jordan,8658026
2015,Jordan,9494246
2016,Jordan,9964656
2017,Jordan,10215381
2018,Jordan,10459865
2019,Jordan,10698683
2020,Jordan,10928721
2021,Jordan,11148278
1990,Kazakhstan,16348000
2000,Kazakhstan,14883626
2012,Kazakhstan,16792090
2013,Kazakhstan,17035551
2014,Kazakhstan,17288285
2015,Kazakhstan,17542806
2016,Kazakhstan,17794055
2017,Kazakhstan,18037776
2018,Kazakhstan,18276452
2019,Kazakhstan,18513673
2020,Kazakhstan,18755666
2021,Kazakhstan,19000988
1990,Kenya,23162269
2000,Kenya,30851606
2012,Kenya,43725806
2013,Kenya,44792368
2014,Kenya,45831863
2015,Kenya,46851488
2016,Kenya,47894670
2017,Kenya,48948137
2018,Kenya,49953304
2019,Kenya,50951450
2020,Kenya,51985780
2021,Kenya,53005614
1990,Kiribati,75124
2000,Kiribati,88826
2012,Kiribati,111618
2013,Kiribati,113311
2014,Kiribati,114985
2015,Kiribati,116707
2016,Kiribati,118513
2017,Kiribati,120362
2018,Kiribati,122261
2019,Kiribati,124241
2020,Kiribati,126463
2021,Kiribati,128874
1990,"Korea, Dem. People's Rep.",20799523
2000,"Korea, Dem. People's Rep.",23367059
2012,"Korea, Dem. People's Rep.",24887770
2013,"Korea, Dem. People's Rep.",25001819
2014,"Korea, Dem. People's Rep.",25126131
2015,"Korea, Dem. People's Rep.",25258015
2016,"Korea, Dem. People's Rep.",25389611
2017,"Korea, Dem. People's Rep.",25516321
2018,"Korea, Dem. People's Rep.",25638149
2019,"Korea, Dem. People's Rep.",25755441
2020,"Korea, Dem. People's Rep.",25867467
2021,"Korea, Dem. People's Rep.",25971909
1990,"Korea, Rep.",42869283
2000,"Korea, Rep.",47008111
2012,"Korea, Rep.",50199853
2013,"Korea, Rep.",50428893
2014,"Korea, Rep.",50746659
2015,"Korea, Rep.",51014947
2016,"Korea, Rep.",51217803
2017,"Korea, Rep.",51361911
2018,"Korea, Rep.",51585058
2019,"Korea, Rep.",51764822
2020,"Korea, Rep.",51836239
2021,"Korea, Rep.",51744876
1990,Kosovo,1862000
2000,Kosovo,1700000
2012,Kosovo,1807106
2013,Kosovo,1818117
2014,Kosovo,1812771
2015,Kosovo,1788196
2016,Kosovo,1777557
2017,Kosovo,1791003
2018,Kosovo,1797085
2019,Kosovo,1788878
2020,Kosovo,1790133
2021,Kosovo,1786038
1990,Kuwait,1674938
2000,Kuwait,1934901
2012,Kuwait,3394663
2013,Kuwait,3646518
2014,Kuwait,3761584
2015,Kuwait,3908743
2016,Kuwait,4048085
2017,Kuwait,4124904
2018,Kuwait,4317185
2019,Kuwait,4441100
2020,Kuwait,4360444
2021,Kuwait,4250114
1990,Kyrgyz Republic,4391200
2000,Kyrgyz Republic,4898400
2012,Kyrgyz Republic,5607200
2013,Kyrgyz Republic,5719600
2014,Kyrgyz Republic,5835500
2015,Kyrgyz Republic,5956900
2016,Kyrgyz Republic,6079500
2017,Kyrgyz Republic,6198200
2018,Kyrgyz Republic,6322800
2019,Kyrgyz Republic,6456200
2020,Kyrgyz Republic,6579900
2021,Kyrgyz Republic,6691800
1990,Lao PDR,4314443
2000,Lao PDR,5430853
2012,Lao PDR,6508803
2013,Lao PDR,6600742
2014,Lao PDR,6691454
2015,Lao PDR,6787419
2016,Lao PDR,6891363
2017,Lao PDR,6997917
2018,Lao PDR,7105006
2019,Lao PDR,7212053
2020,Lao PDR,7319399
2021,Lao PDR,7425057
1990,Latvia,2663151
2000,Latvia,2367550
2012,Latvia,2034319
2013,Latvia,2012647
2014,Latvia,1993782
2015,Latvia,1977527
2016,Latvia,1959537
2017,Latvia,1942248
2018,Latvia,1927174
2019,Latvia,1913822
2020,Latvia,1900449
2021,Latvia,1884490
1990,Lebanon,3593700
2000,Lebanon,4320642
2012,Lebanon,5178337
2013,Lebanon,5678851
2014,Lebanon,6274342
2015,Lebanon,6398940
2016,Lebanon,6258619
2017,Lebanon,6109252
2018,Lebanon,5950839
2019,Lebanon,5781907
2020,Lebanon,5662923
2021,Lebanon,5592631
1990,Lesotho,1798997
2000,Lesotho,1998630
2012,Lesotho,2054718
2013,Lesotho,2073939
2014,Lesotho,2095242
2015,Lesotho,2118521
2016,Lesotho,2143872
2017,Lesotho,2170617
2018,Lesotho,2198017
2019,Lesotho,2225702
2020,Lesotho,2254100
2021,Lesotho,2281454
1990,Liberia,2209731
2000,Liberia,2895224
2012,Liberia,4331740
2013,Liberia,4427313
2014,Liberia,4519398
2015,Liberia,4612329
2016,Liberia,4706097
2017,Liberia,4796631
2018,Liberia,4889391
2019,Liberia,4985289
2020,Liberia,5087584
2021,Liberia,5193416
1990,Libya,4236983
2000,Libya,5154790
2012,Libya,5869870
2013,Libya,5985221
2014,Libya,6097764
2015,Libya,6192235
2016,Libya,6282196
2017,Libya,6378261
2018,Libya,6477793
2019,Libya,6569088
2020,Libya,6653942
2021,Libya,6735277
1990,Liechtenstein,28765
2000,Liechtenstein,33026
2012,Liechtenstein,36505
2013,Liechtenstein,36806
2014,Liechtenstein,37096
2015,Liechtenstein,37355
2016,Liechtenstein,37609
2017,Liechtenstein,37889
2018,Liechtenstein,38181
2019,Liechtenstein,38482
2020,Liechtenstein,38756
2021,Liechtenstein,39039
1990,Lithuania,3697838
2000,Lithuania,3499536
2012,Lithuania,2987773
2013,Lithuania,2957689
2014,Lithuania,2932367
2015,Lithuania,2904910
2016,Lithuania,2868231
2017,Lithuania,2828403
2018,Lithuania,2801543
2019,Lithuania,2794137
2020,Lithuania,2794885
2021,Lithuania,2800839
1990,Luxembourg,381850
2000,Luxembourg,436300
2012,Luxembourg,530946
2013,Luxembourg,543360
2014,Luxembourg,556319
2015,Luxembourg,569604
2016,Luxembourg,582014
2017,Luxembourg,596336
2018,Luxembourg,607950
2019,Luxembourg,620001
2020,Luxembourg,630419
2021,Luxembourg,640064
1990,"Macao SAR, China",350227
2000,"Macao SAR, China",431896
2012,"Macao SAR, China",582766
2013,"Macao SAR, China",593374
2014,"Macao SAR, China",604167
2015,"Macao SAR, China",615239
2016,"Macao SAR, China",626688
2017,"Macao SAR, China",638609
2018,"Macao SAR, China",650991
2019,"Macao SAR, China",663653
2020,"Macao SAR, China",676283
2021,"Macao SAR, China",686607
1990,Madagascar,11882762
2000,Madagascar,16216431
2012,Madagascar,22966240
2013,Madagascar,23588073
2014,Madagascar,24215976
2015,Madagascar,24850912
2016,Madagascar,25501941
2017,Madagascar,26169542
2018,Madagascar,26846541
2019,Madagascar,27533134
2020,Madagascar,28225177
2021,Madagascar,28915653
1990,Malawi,9539665
2000,Malawi,11229387
2012,Malawi,15581251
2013,Malawi,16024775
2014,Malawi,16477966
2015,Malawi,16938942
2016,Malawi,17405624
2017,Malawi,17881167
2018,Malawi,18367883
2019,Malawi,18867337
2020,Malawi,19377061
2021,Malawi,19889742
1990,Malaysia,17517054
2000,Malaysia,22945150
2012,Malaysia,29660212
2013,Malaysia,30134807
2014,Malaysia,30606459
2015,Malaysia,31068833
2016,Malaysia,31526418
2017,Malaysia,31975806
2018,Malaysia,32399271
2019,Malaysia,32804020
2020,Malaysia,33199993
2021,Malaysia,33573874
1990,Maldives,224957
2000,Maldives,282507
2012,Maldives,387539
2013,Maldives,400728
2014,Maldives,416738
2015,Maldives,435582
2016,Maldives,454252
2017,Maldives,472442
2018,Maldives,489758
2019,Maldives,504508
2020,Maldives,514438
2021,Maldives,521457
1990,Mali,8945026
2000,Mali,11239101
2012,Mali,16514687
2013,Mali,17004033
2014,Mali,17551814
2015,Mali,18112907
2016,Mali,18700106
2017,Mali,19311355
2018,Mali,19934298
2019,Mali,20567424
2020,Mali,21224040
2021,Mali,21904983
1990,Malta,354170
2000,Malta,390087
2012,Malta,420028
2013,Malta,425967
2014,Malta,434558
2015,Malta,445053
2016,Malta,455356
2017,Malta,467999
2018,Malta,484630
2019,Malta,504062
2020,Malta,515332
2021,Malta,518536
1990,Marshall Islands,46047
2000,Marshall Islands,54224
2012,Marshall Islands,52203
2013,Marshall Islands,51352
2014,Marshall Islands,50419
2015,Marshall Islands,49410
2016,Marshall Islands,48329
2017,Marshall Islands,47187
2018,Marshall Islands,45989
2019,Marshall Islands,44728
2020,Marshall Islands,43413
2021,Marshall Islands,42050
1990,Mauritania,2006027
2000,Mauritania,2695003
2012,Mauritania,3636113
2013,Mauritania,3742959
2014,Mauritania,3843174
2015,Mauritania,3946220
2016,Mauritania,4051890
2017,Mauritania,4160015
2018,Mauritania,4270712
2019,Mauritania,4383849
2020,Mauritania,4498604
2021,Mauritania,4614974
1990,Mauritius,1058775
2000,Mauritius,1186873
2012,Mauritius,1255882
2013,Mauritius,1258653
2014,Mauritius,1260934
2015,Mauritius,1262605
2016,Mauritius,1263473
2017,Mauritius,1264613
2018,Mauritius,1265303
2019,Mauritius,1265711
2020,Mauritius,1265740
2021,Mauritius,1266060
1990,Mexico,81720428
2000,Mexico,97873442
2012,Mexico,115755909
2013,Mexico,117290686
2014,Mexico,118755887
2015,Mexico,120149897
2016,Mexico,121519221
2017,Mexico,122839258
2018,Mexico,124013861
2019,Mexico,125085311
2020,Mexico,125998302
2021,Mexico,126705138
1990,"Micronesia, Fed. Sts.",98603
2000,"Micronesia, Fed. Sts.",111709
2012,"Micronesia, Fed. Sts.",108232
2013,"Micronesia, Fed. Sts.",108609
2014,"Micronesia, Fed. Sts.",109024
2015,"Micronesia, Fed. Sts.",109462
2016,"Micronesia, Fed. Sts.",109925
2017,"Micronesia, Fed. Sts.",110430
2018,"Micronesia, Fed. Sts.",110929
2019,"Micronesia, Fed. Sts.",111379
2020,"Micronesia, Fed. Sts.",112106
2021,"Micronesia, Fed. Sts.",113131
1990,Moldova,2965978
2000,Moldova,2924668
2012,Moldova,2860324
2013,Moldova,2859558
2014,Moldova,2857815
2015,Moldova,2835978
2016,Moldova,2803186
2017,Moldova,2755189
2018,Moldova,2707203
2019,Moldova,2664224
2020,Moldova,2635130
2021,Moldova,2615199
1990,Monaco,30329
2000,Monaco,32465
2012,Monaco,34700
2013,Monaco,35425
2014,Monaco,36110
2015,Monaco,36760
2016,Monaco,37071
2017,Monaco,37044
2018,Monaco,37029
2019,Monaco,37034
2020,Monaco,36922
2021,Monaco,36686
1990,Mongolia,2161433
2000,Mongolia,2450979
2012,Mongolia,2792349
2013,Mongolia,2845153
2014,Mongolia,2902823
2015,Mongolia,2964749
2016,Mongolia,3029555
2017,Mongolia,3096030
2018,Mongolia,3163991
2019,Mongolia,3232430
2020,Mongolia,3294335
2021,Mongolia,3347782
1990,Montenegro,606372
2000,Montenegro,604950
2012,Montenegro,620601
2013,Montenegro,621207
2014,Montenegro,621810
2015,Montenegro,622159
2016,Montenegro,622303
2017,Montenegro,622373
2018,Montenegro,622227
2019,Montenegro,622028
2020,Montenegro,621306
2021,Montenegro,619211
1990,Morocco,24570814
2000,Morocco,28554415
2012,Morocco,33352169
2013,Morocco,33803527
2014,Morocco,34248603
2015,Morocco,34680458
2016,Morocco,35107264
2017,Morocco,35528115
2018,Morocco,35927511
2019,Morocco,36304408
2020,Morocco,36688772
2021,Morocco,37076584
1990,Mozambique,13303459
2000,Mozambique,17768505
2012,Mozambique,24487611
2013,Mozambique,25251731
2014,Mozambique,26038704
2015,Mozambique,26843246
2016,Mozambique,27696493
2017,Mozambique,28569441
2018,Mozambique,29423878
2019,Mozambique,30285595
2020,Mozambique,31178239
2021,Mozambique,32077072
1990,Myanmar,40099553
2000,Myanmar,45538332
2012,Myanmar,50218185
2013,Myanmar,50648334
2014,Myanmar,51072436
2015,Myanmar,51483949
2016,Myanmar,51892349
2017,Myanmar,52288341
2018,Myanmar,52666014
2019,Myanmar,53040212
2020,Myanmar,53423198
2021,Myanmar,53798084
1990,Namibia,1369011
2000,Namibia,1819141
2012,Namibia,2167470
2013,Namibia,2204510
2014,Namibia,2243001
2015,Namibia,2282704
2016,Namibia,2323352
2017,Namibia,2364534
2018,Namibia,2405680
2019,Namibia,2446644
2020,Namibia,2489098
2021,Namibia,2530151
1990,Nauru,9598
2000,Nauru,10377
2012,Nauru,10444
2013,Nauru,10694
2014,Nauru,10940
2015,Nauru,11185
2016,Nauru,11437
2017,Nauru,11682
2018,Nauru,11924
2019,Nauru,12132
2020,Nauru,12315
2021,Nauru,12511
1990,Nepal,19616530
2000,Nepal,24559500
2012,Nepal,27330694
2013,Nepal,27381555
2014,Nepal,27462106
2015,Nepal,27610325
2016,Nepal,27861186
2017,Nepal,28183426
2018,Nepal,28506712
2019,Nepal,28832496
2020,Nepal,29348627
2021,Nepal,30034989
1990,Netherlands,14951510
2000,Netherlands,15925513
2012,Netherlands,16754962
2013,Netherlands,16804432
2014,Netherlands,16865008
2015,Netherlands,16939923
2016,Netherlands,17030314
2017,Netherlands,17131296
2018,Netherlands,17231624
2019,Netherlands,17344874
2020,Netherlands,17441500
2021,Netherlands,17533044
1990,New Caledonia,170899
2000,New Caledonia,213230
2012,New Caledonia,259000
2013,New Caledonia,263650
2014,New Caledonia,268050
2015,New Caledonia,269460
2016,New Caledonia,270220
2017,New Caledonia,270810
2018,New Caledonia,271170
2019,New Caledonia,271230
2020,New Caledonia,271130
2021,New Caledonia,271030
1990,New Zealand,3329800
2000,New Zealand,3857700
2012,New Zealand,4408100
2013,New Zealand,4442100
2014,New Zealand,4516500
2015,New Zealand,4609400
2016,New Zealand,4714100
2017,New Zealand,4813600
2018,New Zealand,4900600
2019,New Zealand,4979200
2020,New Zealand,5090200
2021,New Zealand,5122600
1990,Nicaragua,4227820
2000,Nicaragua,5123222
2012,Nicaragua,6030607
2013,Nicaragua,6119379
2014,Nicaragua,6208676
2015,Nicaragua,6298598
2016,Nicaragua,6389235
2017,Nicaragua,6480532
2018,Nicaragua,6572233
2019,Nicaragua,6663924
2020,Nicaragua,6755895
2021,Nicaragua,6850540
1990,Niger,8370648
2000,Niger,11622665
2012,Niger,17954407
2013,Niger,18653199
2014,Niger,19372014
2015,Niger,20128124
2016,Niger,20921743
2017,Niger,21737922
2018,Niger,22577058
2019,Niger,23443393
2020,Niger,24333639
2021,Niger,25252722
1990,Nigeria,95214257
2000,Nigeria,122851984
2012,Nigeria,170075932
2013,Nigeria,174726123
2014,Nigeria,179379016
2015,Nigeria,183995785
2016,Nigeria,188666931
2017,Nigeria,193495907
2018,Nigeria,198387623
2019,Nigeria,203304492
2020,Nigeria,208327405
2021,Nigeria,213401323
1990,North Macedonia,2044174
2000,North Macedonia,2026350
2012,North Macedonia,2061044
2013,North Macedonia,2064032
2014,North Macedonia,2067471
2015,North Macedonia,2070226
2016,North Macedonia,2072490
2017,North Macedonia,2074502
2018,North Macedonia,2076217
2019,North Macedonia,2076694
2020,North Macedonia,2072531
2021,North Macedonia,2065092
1990,Northern Mariana Islands,48002
2000,Northern Mariana Islands,80338
2012,Northern Mariana Islands,52359
2013,Northern Mariana Islands,52141
2014,Northern Mariana Islands,51856
2015,Northern Mariana Islands,51514
2016,Northern Mariana Islands,51133
2017,Northern Mariana Islands,50729
2018,Northern Mariana Islands,50304
2019,Northern Mariana Islands,49858
2020,Northern Mariana Islands,49587
2021,Northern Mariana Islands,49481
1990,Norway,4241473
2000,Norway,4490967
2012,Norway,5018573
2013,Norway,5079623
2014,Norway,5137232
2015,Norway,5188607
2016,Norway,5234519
2017,Norway,5276968
2018,Norway,5311916
2019,Norway,5347896
2020,Norway,5379475
2021,Norway,5408320
1990,Oman,1804524
2000,Oman,2344253
2012,Oman,3535579
2013,Oman,3816680
2014,Oman,4009267
2015,Oman,4191776
2016,Oman,4398070
2017,Oman,4541854
2018,Oman,4601157
2019,Oman,4602768
2020,Oman,4543399
2021,Oman,4520471
1990,Pakistan,115414069
2000,Pakistan,154369924
2012,Pakistan,202205861
2013,Pakistan,205337562
2014,Pakistan,208251628
2015,Pakistan,210969298
2016,Pakistan,213524840
2017,Pakistan,216379655
2018,Pakistan,219731479
2019,Pakistan,223293280
2020,Pakistan,227196741
2021,Pakistan,231402117
1990,Palau,15293
2000,Palau,19726
2012,Palau,17946
2013,Palau,17805
2014,Palau,17796
2015,Palau,17794
2016,Palau,17816
2017,Palau,17837
2018,Palau,17864
2019,Palau,17916
2020,Palau,17972
2021,Palau,18024
1990,Panama,2449968
2000,Panama,3001731
2012,Panama,3754862
2013,Panama,3821556
2014,Panama,3888793
2015,Panama,3957099
2016,Panama,4026336
2017,Panama,4096063
2018,Panama,4165255
2019,Panama,4232532
2020,Panama,4294396
2021,Panama,4351267
1990,Papua New Guinea,3864972
2000,Papua New Guinea,5508297
2012,Papua New Guinea,8026545
2013,Papua New Guinea,8245627
2014,Papua New Guinea,8464153
2015,Papua New Guinea,8682174
2016,Papua New Guinea,8899169
2017,Papua New Guinea,9114796
2018,Papua New Guinea,9329227
2019,Papua New Guinea,9542486
2020,Papua New Guinea,9749640
2021,Papua New Guinea,9949437
1990,Paraguay,4059195
2000,Paraguay,5123819
2012,Paraguay,5923322
2013,Paraguay,6005652
2014,Paraguay,6090721
2015,Paraguay,6177950
2016,Paraguay,6266615
2017,Paraguay,6355404
2018,Paraguay,6443328
2019,Paraguay,6530026
2020,Paraguay,6618695
2021,Paraguay,6703799
1990,Peru,22109099
2000,Peru,26654439
2012,Peru,29749589
2013,Peru,30038809
2014,Peru,30353951
2015,Peru,30711863
2016,Peru,31132779
2017,Peru,31605486
2018,Peru,32203944
2019,Peru,32824861
2020,Peru,33304756
2021,Peru,33715471
1990,Philippines,61558898
2000,Philippines,77958223
2012,Philippines,98032317
2013,Philippines,99700107
2014,Philippines,101325201
2015,Philippines,103031365
2016,Philippines,104875266
2017,Philippines,106738501
2018,Philippines,108568836
2019,Philippines,110380804
2020,Philippines,112190977
2021,Philippines,113880328
1990,Poland,38110782
2000,Poland,38258629
2012,Poland,38063164
2013,Poland,38040196
2014,Poland,38011735
2015,Poland,37986412
2016,Poland,37970087
2017,Poland,37974826
2018,Poland,37974750
2019,Poland,37965475
2020,Poland,37899070
2021,Poland,37747124
1990,Portugal,9983218
2000,Portugal,10289898
2012,Portugal,10514844
2013,Portugal,10457295
2014,Portugal,10401062
2015,Portugal,10358076
2016,Portugal,10325452
2017,Portugal,10300300
2018,Portugal,10283822
2019,Portugal,10286263
2020,Portugal,10297081
2021,Portugal,10325147
1990,Puerto Rico,3537000
2000,Puerto Rico,3810605
2012,Puerto Rico,3634488
2013,Puerto Rico,3593077
2014,Puerto Rico,3534874
2015,Puerto Rico,3473232
2016,Puerto Rico,3406672
2017,Puerto Rico,3325286
2018,Puerto Rico,3193354
2019,Puerto Rico,3193694
2020,Puerto Rico,3281538
2021,Puerto Rico,3263584
1990,Qatar,441675
2000,Qatar,645937
2012,Qatar,1905660
2013,Qatar,2035501
2014,Qatar,2214465
2015,Qatar,2414573
2016,Qatar,2595166
2017,Qatar,2711755
2018,Qatar,2766732
2019,Qatar,2807235
2020,Qatar,2760385
2021,Qatar,2688235
1990,Romania,23201835
2000,Romania,22442971
2012,Romania,20058035
2013,Romania,19983693
2014,Romania,19908979
2015,Romania,19815616
2016,Romania,19702267
2017,Romania,19588715
2018,Romania,19473970
2019,Romania,19371648
2020,Romania,19265250
2021,Romania,19119880
1990,Russian Federation,147969407
2000,Russian Federation,146596869
2012,Russian Federation,143201721
2013,Russian Federation,143506995
2014,Russian Federation,143819667
2015,Russian Federation,144096870
2016,Russian Federation,144342397
2017,Russian Federation,144496739
2018,Russian Federation,144477859
2019,Russian Federation,144406261
2020,Russian Federation,144073139
2021,Russian Federation,143449286
1990,Rwanda,7319962
2000,Rwanda,8109989
2012,Rwanda,10840334
2013,Rwanda,11101350
2014,Rwanda,11368451
2015,Rwanda,11642959
2016,Rwanda,11930899
2017,Rwanda,12230339
2018,Rwanda,12531808
2019,Rwanda,12835028
2020,Rwanda,13146362
2021,Rwanda,13461888
1990,Samoa,168186
2000,Samoa,184008
2012,Samoa,198124
2013,Samoa,199939
2014,Samoa,201757
2015,Samoa,203571
2016,Samoa,205544
2017,Samoa,207630
2018,Samoa,209701
2019,Samoa,211905
2020,Samoa,214929
2021,Samoa,218764
1990,San Marino,23132
2000,San Marino,26823
2012,San Marino,33132
2013,San Marino,33285
2014,San Marino,33389
2015,San Marino,33570
2016,San Marino,33834
2017,San Marino,34056
2018,San Marino,34156
2019,San Marino,34178
2020,San Marino,34007
2021,San Marino,33745
1990,Sao Tome and Principe,120343
2000,Sao Tome and Principe,143714
2012,Sao Tome and Principe,189924
2013,Sao Tome and Principe,193757
2014,Sao Tome and Principe,197497
2015,Sao Tome and Principe,201124
2016,Sao Tome and Principe,204632
2017,Sao Tome and Principe,208036
2018,Sao Tome and Principe,211344
2019,Sao Tome and Principe,214599
2020,Sao Tome and Principe,218641
2021,Sao Tome and Principe,223107
1990,Saudi Arabia,16004763
2000,Saudi Arabia,21547390
2012,Saudi Arabia,30821543
2013,Saudi Arabia,31482498
2014,Saudi Arabia,32125564
2015,Saudi Arabia,32749848
2016,Saudi Arabia,33416270
2017,Saudi Arabia,34193122
2018,Saudi Arabia,35018133
2019,Saudi Arabia,35827362
2020,Saudi Arabia,35997107
2021,Saudi Arabia,35950396
1990,Senegal,7536001
2000,Senegal,9704287
2012,Senegal,13231833
2013,Senegal,13595566
2014,Senegal,13970308
2015,Senegal,14356181
2016,Senegal,14751356
2017,Senegal,15157793
2018,Senegal,15574909
2019,Senegal,16000781
2020,Senegal,16436120
2021,Senegal,16876720
1990,Serbia,7586000
2000,Serbia,7516346
2012,Serbia,7199077
2013,Serbia,7164132
2014,Serbia,7130576
2015,Serbia,7095383
2016,Serbia,7058322
2017,Serbia,7020858
2018,Serbia,6982604
2019,Serbia,6945235
2020,Serbia,6899126
2021,Serbia,6834326
1990,Seychelles,69507
2000,Seychelles,81131
2012,Seychelles,88303
2013,Seychelles,89949
2014,Seychelles,91359
2015,Seychelles,93419
2016,Seychelles,94677
2017,Seychelles,95843
2018,Seychelles,96762
2019,Seychelles,97625
2020,Seychelles,98462
2021,Seychelles,99258
1990,Sierra Leone,4325388
2000,Sierra Leone,4584067
2012,Sierra Leone,6788587
2013,Sierra Leone,6964859
2014,Sierra Leone,7140688
2015,Sierra Leone,7314773
2016,Sierra Leone,7493913
2017,Sierra Leone,7677565
2018,Sierra Leone,7861281
2019,Sierra Leone,8046828
2020,Sierra Leone,8233970
2021,Sierra Leone,8420641
1990,Singapore,3047132
2000,Singapore,4027887
2012,Singapore,5312437
2013,Singapore,5399162
2014,Singapore,5469724
2015,Singapore,5535002
2016,Singapore,5607283
2017,Singapore,5612253
2018,Singapore,5638676
2019,Singapore,5703569
2020,Singapore,5685807
2021,Singapore,5453566
1990,Sint Maarten (Dutch part),27845
2000,Sint Maarten (Dutch part),30519
2012,Sint Maarten (Dutch part),34640
2013,Sint Maarten (Dutch part),36607
2014,Sint Maarten (Dutch part),37685
2015,Sint Maarten (Dutch part),38825
2016,Sint Maarten (Dutch part),39969
2017,Sint Maarten (Dutch part),40574
2018,Sint Maarten (Dutch part),40895
2019,Sint Maarten (Dutch part),41608
2020,Sint Maarten (Dutch part),42310
2021,Sint Maarten (Dutch part),42846
1990,Slovak Republic,5299187
2000,Slovak Republic,5388720
2012,Slovak Republic,5407579
2013,Slovak Republic,5413393
2014,Slovak Republic,5418649
2015,Slovak Republic,5423801
2016,Slovak Republic,5430798
2017,Slovak Republic,5439232
2018,Slovak Republic,5446771
2019,Slovak Republic,5454147
2020,Slovak Republic,5458827
2021,Slovak Republic,5447247
1990,Slovenia,1998161
2000,Slovenia,1988925
2012,Slovenia,2057159
2013,Slovenia,2059953
2014,Slovenia,2061980
2015,Slovenia,2063531
2016,Slovenia,2065042
2017,Slovenia,2066388
2018,Slovenia,2073894
2019,Slovenia,2088385
2020,Slovenia,2102419
2021,Slovenia,2108079
1990,Solomon Islands,324171
2000,Solomon Islands,429978
2012,Solomon Islands,567763
2013,Solomon Islands,582365
2014,Solomon Islands,597375
2015,Solomon Islands,612660
2016,Solomon Islands,628102
2017,Solomon Islands,643634
2018,Solomon Islands,659249
2019,Solomon Islands,674993
2020,Solomon Islands,691191
2021,Solomon Islands,707851
1990,Somalia,6999096
2000,Somalia,8721465
2012,Somalia,12440326
2013,Somalia,12852485
2014,Somalia,13309235
2015,Somalia,13763906
2016,Somalia,14292847
2017,Somalia,14864221
2018,Somalia,15411094
2019,Somalia,15981300
2020,Somalia,16537016
2021,Somalia,17065581
1990,South Africa,39877570
2000,South Africa,46813266
2012,South Africa,53145033
2013,South Africa,53873616
2014,South Africa,54729551
2015,South Africa,55876504
2016,South Africa,56422274
2017,South Africa,56641209
2018,South Africa,57339635
2019,South Africa,58087055
2020,South Africa,58801927
2021,South Africa,59392255
1990,South Sudan,4750817
2000,South Sudan,6114440
2012,South Sudan,10701604
2013,South Sudan,11106031
2014,South Sudan,11213284
2015,South Sudan,11194299
2016,South Sudan,11066105
2017,South Sudan,10658226
2018,South Sudan,10395329
2019,South Sudan,10447666
2020,South Sudan,10606227
2021,South Sudan,10748272
1990,Spain,38867322
2000,Spain,40567864
2012,Spain,46773055
2013,Spain,46620045
2014,Spain,46480882
2015,Spain,46444832
2016,Spain,46484062
2017,Spain,46593236
2018,Spain,46797754
2019,Spain,47134837
2020,Spain,47365655
2021,Spain,47415750
1990,Sri Lanka,17325769
2000,Sri Lanka,18777606
2012,Sri Lanka,20425000
2013,Sri Lanka,20585000
2014,Sri Lanka,20778000
2015,Sri Lanka,20970000
2016,Sri Lanka,21203000
2017,Sri Lanka,21444000
2018,Sri Lanka,21670000
2019,Sri Lanka,21803000
2020,Sri Lanka,21919000
2021,Sri Lanka,22156000
1990,St. Kitts and Nevis,40636
2000,St. Kitts and Nevis,45461
2012,St. Kitts and Nevis,47727
2013,St. Kitts and Nevis,47767
2014,St. Kitts and Nevis,47789
2015,St. Kitts and Nevis,47790
2016,St. Kitts and Nevis,47788
2017,St. Kitts and Nevis,47785
2018,St. Kitts and Nevis,47761
2019,St. Kitts and Nevis,47712
2020,St. Kitts and Nevis,47642
2021,St. Kitts and Nevis,47606
1990,St. Lucia,142301
2000,St. Lucia,159500
2012,St. Lucia,173124
2013,St. Lucia,173978
2014,St. Lucia,174804
2015,St. Lucia,175623
2016,St. Lucia,176413
2017,St. Lucia,177163
2018,St. Lucia,177888
2019,St. Lucia,178583
2020,St. Lucia,179237
2021,St. Lucia,179651
1990,St. Martin (French part),28127
2000,St. Martin (French part),29610
2012,St. Martin (French part),36026
2013,St. Martin (French part),35639
2014,St. Martin (French part),35261
2015,St. Martin (French part),35020
2016,St. Martin (French part),34811
2017,St. Martin (French part),34496
2018,St. Martin (French part),33852
2019,St. Martin (French part),33121
2020,St. Martin (French part),32553
2021,St. Martin (French part),31948
1990,St. Vincent and the Grenadines,112487
2000,St. Vincent and the Grenadines,113813
2012,St. Vincent and the Grenadines,108083
2013,St. Vincent and the Grenadines,107450
2014,St. Vincent and the Grenadines,106912
2015,St. Vincent and the Grenadines,106482
2016,St. Vincent and the Grenadines,105963
2017,St. Vincent and the Grenadines,105549
2018,St. Vincent and the Grenadines,105281
2019,St. Vincent and the Grenadines,104924
2020,St. Vincent and the Grenadines,104632
2021,St. Vincent and the Grenadines,104332
1990,Sudan,21090886
2000,Sudan,26298773
2012,Sudan,35159792
2013,Sudan,35990704
2014,Sudan,37003245
2015,Sudan,38171178
2016,Sudan,39377169
2017,Sudan,40679828
2018,Sudan,41999059
2019,Sudan,43232093
2020,Sudan,44440486
2021,Sudan,45657202
1990,Suriname,412756
2000,Suriname,478998
2012,Suriname,558111
2013,Suriname,563947
2014,Suriname,569682
2015,Suriname,575475
2016,Suriname,581453
2017,Suriname,587559
2018,Suriname,593715
2019,Suriname,600301
2020,Suriname,607065
2021,Suriname,612985
1990,Sweden,8558835
2000,Sweden,8872109
2012,Sweden,9519374
2013,Sweden,9600379
2014,Sweden,9696110
2015,Sweden,9799186
2016,Sweden,9923085
2017,Sweden,10057698
2018,Sweden,10175214
2019,Sweden,10278887
2020,Sweden,10353442
2021,Sweden,10415811
1990,Switzerland,6715519
2000,Switzerland,7184250
2012,Switzerland,7996861
2013,Switzerland,8089346
2014,Switzerland,8188649
2015,Switzerland,8282396
2016,Switzerland,8373338
2017,Switzerland,8451840
2018,Switzerland,8514329
2019,Switzerland,8575280
2020,Switzerland,8638167
2021,Switzerland,8703405
1990,Syrian Arab Republic,12408996
2000,Syrian Arab Republic,16307654
2012,Syrian Arab Republic,22605577
2013,Syrian Arab Republic,21495821
2014,Syrian Arab Republic,20072232
2015,Syrian Arab Republic,19205178
2016,Syrian Arab Republic,18964252
2017,Syrian Arab Republic,18983373
2018,Syrian Arab Republic,19333463
2019,Syrian Arab Republic,20098251
2020,Syrian Arab Republic,20772595
2021,Syrian Arab Republic,21324367
1990,Tajikistan,5417860
2000,Tajikistan,6272998
2012,Tajikistan,7956382
2013,Tajikistan,8136610
2014,Tajikistan,8326348
2015,Tajikistan,8524063
2016,Tajikistan,8725318
2017,Tajikistan,8925525
2018,Tajikistan,9128132
2019,Tajikistan,9337003
2020,Tajikistan,9543207
2021,Tajikistan,9750064
1990,Tanzania,26206012
2000,Tanzania,34463704
2012,Tanzania,47786137
2013,Tanzania,49253643
2014,Tanzania,50814552
2015,Tanzania,52542823
2016,Tanzania,54401802
2017,Tanzania,56267032
2018,Tanzania,58090443
2019,Tanzania,59872579
2020,Tanzania,61704518
2021,Tanzania,63588334
1990,Thailand,55228410
2000,Thailand,63066603
2012,Thailand,69157023
2013,Thailand,69578602
2014,Thailand,69960943
2015,Thailand,70294397
2016,Thailand,70607037
2017,Thailand,70898202
2018,Thailand,71127802
2019,Thailand,71307763
2020,Thailand,71475664
2021,Thailand,71601103
1990,Timor-Leste,758106
2000,Timor-Leste,878360
2012,Timor-Leste,1137676
2013,Timor-Leste,1161555
2014,Timor-Leste,1184830
2015,Timor-Leste,1205813
2016,Timor-Leste,1224562
2017,Timor-Leste,1243235
2018,Timor-Leste,1261845
2019,Timor-Leste,1280438
2020,Timor-Leste,1299995
2021,Timor-Leste,1320942
1990,Togo,3875947
2000,Togo,5008035
2012,Togo,6926635
2013,Togo,7106229
2014,Togo,7288383
2015,Togo,7473229
2016,Togo,7661354
2017,Togo,7852795
2018,Togo,8046679
2019,Togo,8243094
2020,Togo,8442580
2021,Togo,8644829
1990,Tonga,98727
2000,Tonga,102603
2012,Tonga,107502
2013,Tonga,107089
2014,Tonga,106626
2015,Tonga,106122
2016,Tonga,105707
2017,Tonga,105415
2018,Tonga,105150
2019,Tonga,104951
2020,Tonga,105254
2021,Tonga,106017
1990,Trinidad and Tobago,1266518
2000,Trinidad and Tobago,1332203
2012,Trinidad and Tobago,1430377
2013,Trinidad and Tobago,1440729
2014,Trinidad and Tobago,1450661
2015,Trinidad and Tobago,1460177
2016,Trinidad and Tobago,1469330
2017,Trinidad and Tobago,1478607
2018,Trinidad and Tobago,1504709
2019,Trinidad and Tobago,1519955
2020,Trinidad and Tobago,1518147
2021,Trinidad and Tobago,1525663
1990,Tunisia,8440023
2000,Tunisia,9893316
2012,Tunisia,11174383
2013,Tunisia,11300284
2014,Tunisia,11428948
2015,Tunisia,11557779
2016,Tunisia,11685667
2017,Tunisia,11811443
2018,Tunisia,11933041
2019,Tunisia,12049314
2020,Tunisia,12161723
2021,Tunisia,12262946
1990,Turkiye,54324142
2000,Turkiye,64113547
2012,Turkiye,75277439
2013,Turkiye,76576117
2014,Turkiye,78112073
2015,Turkiye,79646178
2016,Turkiye,81019394
2017,Turkiye,82089826
2018,Turkiye,82809304
2019,Turkiye,83481684
2020,Turkiye,84135428
2021,Turkiye,84775404
1990,Turkmenistan,3720278
2000,Turkmenistan,4569132
2012,Turkmenistan,5458682
2013,Turkmenistan,5560095
2014,Turkmenistan,5663152
2015,Turkmenistan,5766431
2016,Turkmenistan,5868561
2017,Turkmenistan,5968383
2018,Turkmenistan,6065066
2019,Turkmenistan,6158420
2020,Turkmenistan,6250438
2021,Turkmenistan,6341855
1990,Turks and Caicos Islands,11709
2000,Turks and Caicos Islands,18744
2012,Turks and Caicos Islands,32081
2013,Turks and Caicos Islands,33594
2014,Turks and Caicos Islands,34985
2015,Turks and Caicos Islands,36538
2016,Turks and Caicos Islands,38246
2017,Turks and Caicos Islands,39844
2018,Turks and Caicos Islands,41487
2019,Turks and Caicos Islands,43080
2020,Turks and Caicos Islands,44276
2021,Turks and Caicos Islands,45114
1990,Tuvalu,9182
2000,Tuvalu,9638
2012,Tuvalu,10854
2013,Tuvalu,10918
2014,Tuvalu,10899
2015,Tuvalu,10877
2016,Tuvalu,10852
2017,Tuvalu,10828
2018,Tuvalu,10865
2019,Tuvalu,10956
2020,Tuvalu,11069
2021,Tuvalu,11204
1990,Uganda,17586630
2000,Uganda,24020697
2012,Uganda,34273295
2013,Uganda,35273570
2014,Uganda,36336539
2015,Uganda,37477356
2016,Uganda,38748299
2017,Uganda,40127085
2018,Uganda,41515395
2019,Uganda,42949080
2020,Uganda,44404611
2021,Uganda,45853778
1990,Ukraine,51891400
2000,Ukraine,49176500
2012,Ukraine,45593342
2013,Ukraine,45489648
2014,Ukraine,45272155
2015,Ukraine,45154036
2016,Ukraine,45004673
2017,Ukraine,44831135
2018,Ukraine,44622518
2019,Ukraine,44386203
2020,Ukraine,44132049
2021,Ukraine,43792855
1990,United Arab Emirates,1900151
2000,United Arab Emirates,3275333
2012,United Arab Emirates,8664969
2013,United Arab Emirates,8751847
2014,United Arab Emirates,8835951
2015,United Arab Emirates,8916899
2016,United Arab Emirates,8994263
2017,United Arab Emirates,9068296
2018,United Arab Emirates,9140169
2019,United Arab Emirates,9211657
2020,United Arab Emirates,9287289
2021,United Arab Emirates,9365145
1990,United Kingdom,57247586
2000,United Kingdom,58892514
2012,United Kingdom,63700215
2013,United Kingdom,64128273
2014,United Kingdom,64602298
2015,United Kingdom,65116219
2016,United Kingdom,65611593
2017,United Kingdom,66058859
2018,United Kingdom,66460344
2019,United Kingdom,66836327
2020,United Kingdom,67081000
2021,United Kingdom,67326569
1990,United States,249623000
2000,United States,282162411
2012,United States,313877662
2013,United States,316059947
2014,United States,318386329
2015,United States,320738994
2016,United States,323071755
2017,United States,325122128
2018,United States,326838199
2019,United States,328329953
2020,United States,331501080
2021,United States,331893745
1990,Uruguay,3117012
2000,Uruguay,3292224
2012,Uruguay,3371133
2013,Uruguay,3381180
2014,Uruguay,3391662
2015,Uruguay,3402818
2016,Uruguay,3413766
2017,Uruguay,3422200
2018,Uruguay,3427042
2019,Uruguay,3428409
2020,Uruguay,3429086
2021,Uruguay,3426260
1990,Uzbekistan,20510000
2000,Uzbekistan,24650400
2012,Uzbekistan,29774500
2013,Uzbekistan,30243200
2014,Uzbekistan,30757700
2015,Uzbekistan,31298900
2016,Uzbekistan,31847900
2017,Uzbekistan,32388600
2018,Uzbekistan,32956100
2019,Uzbekistan,33580350
2020,Uzbekistan,34232050
2021,Uzbekistan,34915100
1990,Vanuatu,150882
2000,Vanuatu,192074
2012,Vanuatu,257313
2013,Vanuatu,263534
2014,Vanuatu,269927
2015,Vanuatu,276438
2016,Vanuatu,283218
2017,Vanuatu,290239
2018,Vanuatu,297298
2019,Vanuatu,304404
2020,Vanuatu,311685
2021,Vanuatu,319137
1990,"Venezuela, RB",19750579
2000,"Venezuela, RB",24427729
2012,"Venezuela, RB",29470426
2013,"Venezuela, RB",29838021
2014,"Venezuela, RB",30193258
2015,"Venezuela, RB",30529716
2016,"Venezuela, RB",30741464
2017,"Venezuela, RB",30563433
2018,"Venezuela, RB",29825653
2019,"Venezuela, RB",28971683
2020,"Venezuela, RB",28490453
2021,"Venezuela, RB",28199867
1990,Vietnam,66912613
2000,Vietnam,79001142
2012,Vietnam,89301326
2013,Vietnam,90267739
2014,Vietnam,91235504
2015,Vietnam,92191398
2016,Vietnam,93126529
2017,Vietnam,94033048
2018,Vietnam,94914330
2019,Vietnam,95776716
2020,Vietnam,96648685
2021,Vietnam,97468029
1990,Virgin Islands (U.S.),103963
2000,Virgin Islands (U.S.),108642
2012,Virgin Islands (U.S.),108188
2013,Virgin Islands (U.S.),108041
2014,Virgin Islands (U.S.),107882
2015,Virgin Islands (U.S.),107712
2016,Virgin Islands (U.S.),107516
2017,Virgin Islands (U.S.),107281
2018,Virgin Islands (U.S.),107001
2019,Virgin Islands (U.S.),106669
2020,Virgin Islands (U.S.),106290
2021,Virgin Islands (U.S.),105870
1990,West Bank and Gaza,1978248
2000,West Bank and Gaza,2922153
2012,West Bank and Gaza,3979998
2013,West Bank and Gaza,4076708
2014,West Bank and Gaza,4173398
2015,West Bank and Gaza,4270092
2016,West Bank and Gaza,4367088
2017,West Bank and Gaza,4454805
2018,West Bank and Gaza,4569087
2019,West Bank and Gaza,4685306
2020,West Bank and Gaza,4803269
2021,West Bank and Gaza,4922749
1990,"Yemen, Rep.",13375121
2000,"Yemen, Rep.",18628700
2012,"Yemen, Rep.",26223391
2013,"Yemen, Rep.",26984002
2014,"Yemen, Rep.",27753304
2015,"Yemen, Rep.",28516545
2016,"Yemen, Rep.",29274002
2017,"Yemen, Rep.",30034389
2018,"Yemen, Rep.",30790513
2019,"Yemen, Rep.",31546691
2020,"Yemen, Rep.",32284046
2021,"Yemen, Rep.",32981641
1990,Zambia,7686401
2000,Zambia,9891136
2012,Zambia,14744658
2013,Zambia,15234976
2014,Zambia,15737793
2015,Zambia,16248230
2016,Zambia,16767761
2017,Zambia,17298054
2018,Zambia,17835893
2019,Zambia,18380477
2020,Zambia,18927715
2021,Zambia,19473125
1990,Zimbabwe,10113893
2000,Zimbabwe,11834676
2012,Zimbabwe,13265331
2013,Zimbabwe,13555422
2014,Zimbabwe,13855753
2015,Zimbabwe,14154937
2016,Zimbabwe,14452704
2017,Zimbabwe,14751101
2018,Zimbabwe,15052184
2019,Zimbabwe,15354608
2020,Zimbabwe,15669666
2021,Zimbabwe,15993524
1990,Africa Eastern and Southern,309890664
2000,Africa Eastern and Southern,401600588
2012,Africa Eastern and Southern,552530654
2013,Africa Eastern and Southern,567891875
2014,Africa Eastern and Southern,583650827
2015,Africa Eastern and Southern,600008150
2016,Africa Eastern and Southern,616377331
2017,Africa Eastern and Southern,632746296
2018,Africa Eastern and Southern,649756874
2019,Africa Eastern and Southern,667242712
2020,Africa Eastern and Southern,685112705
2021,Africa Eastern and Southern,702976832
1990,Africa Western and Central,206739024
2000,Africa Western and Central,269611898
2012,Africa Western and Central,376797999
2013,Africa Western and Central,387204553
2014,Africa Western and Central,397855507
2015,Africa Western and Central,408690375
2016,Africa Western and Central,419778384
2017,Africa Western and Central,431138704
2018,Africa Western and Central,442646825
2019,Africa Western and Central,454306063
2020,Africa Western and Central,466189102
2021,Africa Western and Central,478185907
1990,Arab World,225923327
2000,Arab World,287065982
2012,Arab World,380383408
2013,Arab World,389131555
2014,Arab World,397922915
2015,Arab World,406501999
2016,Arab World,415077960
2017,Arab World,423664839
2018,Arab World,432545676
2019,Arab World,441467739
2020,Arab World,449228296
2021,Arab World,456520777
1990,Caribbean small states,6057836
2000,Caribbean small states,6582141
2012,Caribbean small states,7088996
2013,Caribbean small states,7135884
2014,Caribbean small states,7181044
2015,Caribbean small states,7224602
2016,Caribbean small states,7265272
2017,Caribbean small states,7303634
2018,Caribbean small states,7374650
2019,Caribbean small states,7424102
2020,Caribbean small states,7444768
2021,Caribbean small states,7481877
1990,Central Europe and the Baltics,110743128
2000,Central Europe and the Baltics,108447824
2012,Central Europe and the Baltics,103935318
2013,Central Europe and the Baltics,103713726
2014,Central Europe and the Baltics,103496179
2015,Central Europe and the Baltics,103257886
2016,Central Europe and the Baltics,102994278
2017,Central Europe and the Baltics,102740078
2018,Central Europe and the Baltics,102538451
2019,Central Europe and the Baltics,102398537
2020,Central Europe and the Baltics,102180124
2021,Central Europe and the Baltics,101430997
1990,Early-demographic dividend,2041043553
2000,Early-demographic dividend,2499206970
2012,Early-demographic dividend,3035261244
2013,Early-demographic dividend,3078835706
2014,Early-demographic dividend,3122586392
2015,Early-demographic dividend,3166642585
2016,Early-demographic dividend,3210110979
2017,Early-demographic dividend,3252529883
2018,Early-demographic dividend,3294298709
2019,Early-demographic dividend,3335463995
2020,Early-demographic dividend,3375134276
2021,Early-demographic dividend,3411889059
1990,East Asia & Pacific,1818247576
2000,East Asia & Pacific,2048148696
2012,East Asia & Pacific,2243776727
2013,East Asia & Pacific,2261274500
2014,East Asia & Pacific,2278232287
2015,East Asia & Pacific,2294507020
2016,East Asia & Pacific,2310721864
2017,East Asia & Pacific,2327134580
2018,East Asia & Pacific,2341387076
2019,East Asia & Pacific,2353862247
2020,East Asia & Pacific,2363940425
2021,East Asia & Pacific,2370204347
1990,East Asia & Pacific (excluding high income),1601285150
2000,East Asia & Pacific (excluding high income),1817064785
2012,East Asia & Pacific (excluding high income),2001317846
2013,East Asia & Pacific (excluding high income),2018121456
2014,East Asia & Pacific (excluding high income),2034317097
2015,East Asia & Pacific (excluding high income),2049809214
2016,East Asia & Pacific (excluding high income),2065223450
2017,East Asia & Pacific (excluding high income),2080968782
2018,East Asia & Pacific (excluding high income),2094573278
2019,East Asia & Pacific (excluding high income),2106439246
2020,East Asia & Pacific (excluding high income),2116424876
2021,East Asia & Pacific (excluding high income),2123673456
1990,East Asia & Pacific (IDA & IBRD countries),1580447407
2000,East Asia & Pacific (IDA & IBRD countries),1793649873
2012,East Asia & Pacific (IDA & IBRD countries),1976386829
2013,East Asia & Pacific (IDA & IBRD countries),1993077336
2014,East Asia & Pacific (IDA & IBRD countries),2009149689
2015,East Asia & Pacific (IDA & IBRD countries),2024511016
2016,East Asia & Pacific (IDA & IBRD countries),2039794828
2017,East Asia & Pacific (IDA & IBRD countries),2055414680
2018,East Asia & Pacific (IDA & IBRD countries),2068898629
2019,East Asia & Pacific (IDA & IBRD countries),2080648616
2020,East Asia & Pacific (IDA & IBRD countries),2090523535
2021,East Asia & Pacific (IDA & IBRD countries),2097669023
1990,Euro area,311093477
2000,Euro area,321324622
2012,Euro area,336183135
2013,Euro area,337328817
2014,Euro area,338486932
2015,Euro area,339514675
2016,Euro area,340509447
2017,Euro area,341246081
2018,Euro area,342065158
2019,Euro area,342452734
2020,Euro area,342913447
2021,Euro area,343067846
1990,Europe & Central Asia,842030509
2000,Europe & Central Asia,862786211
2012,Europe & Central Asia,894762079
2013,Europe & Central Asia,899035925
2014,Europe & Central Asia,903601049
2015,Europe & Central Asia,908123143
2016,Europe & Central Asia,912374705
2017,Europe & Central Asia,915855416
2018,Europe & Central Asia,918782553
2019,Europe & Central Asia,921179725
2020,Europe & Central Asia,923103879
2021,Europe & Central Asia,923777214
1990,Europe & Central Asia (excluding high income),361859039
2000,Europe & Central Asia (excluding high income),370646199
2012,Europe & Central Asia (excluding high income),383476086
2013,Europe & Central Asia (excluding high income),386051693
2014,Europe & Central Asia (excluding high income),388842371
2015,Europe & Central Asia (excluding high income),391695432
2016,Europe & Central Asia (excluding high income),394321096
2017,Europe & Central Asia (excluding high income),396482489
2018,Europe & Central Asia (excluding high income),398076771
2019,Europe & Central Asia (excluding high income),399592320
2020,Europe & Central Asia (excluding high income),400811771
2021,Europe & Central Asia (excluding high income),401575218
1990,Europe & Central Asia (IDA & IBRD countries),427949024
2000,Europe & Central Asia (IDA & IBRD countries),435816101
2012,Europe & Central Asia (IDA & IBRD countries),445864843
2013,Europe & Central Asia (IDA & IBRD countries),448331271
2014,Europe & Central Asia (IDA & IBRD countries),451001474
2015,Europe & Central Asia (IDA & IBRD countries),453701064
2016,Europe & Central Asia (IDA & IBRD countries),456167799
2017,Europe & Central Asia (IDA & IBRD countries),458170561
2018,Europe & Central Asia (IDA & IBRD countries),459613334
2019,Europe & Central Asia (IDA & IBRD countries),460994696
2020,Europe & Central Asia (IDA & IBRD countries),462023771
2021,Europe & Central Asia (IDA & IBRD countries),462341222
1990,European Union,420308868
2000,European Union,429342455
2012,European Union,441419873
2013,European Union,442496175
2014,European Union,443601373
2015,European Union,444570054
2016,European Union,445515422
2017,European Union,446215182
2018,European Union,447001100
2019,European Union,447367191
2020,European Union,447692315
2021,European Union,447199800
1990,Fragile and conflict affected situations,482851894
2000,Fragile and conflict affected situations,612395529
2012,Fragile and conflict affected situations,817111040
2013,Fragile and conflict affected situations,837103087
2014,Fragile and conflict affected situations,856705624
2015,Fragile and conflict affected situations,876118480
2016,Fragile and conflict affected situations,895949553
2017,Fragile and conflict affected situations,916099469
2018,Fragile and conflict affected situations,936387926
2019,Fragile and conflict affected situations,957446713
2020,Fragile and conflict affected situations,979418527
2021,Fragile and conflict affected situations,1001462452
1990,Heavily indebted poor countries (HIPC),358121820
2000,Heavily indebted poor countries (HIPC),475127894
2012,Heavily indebted poor countries (HIPC),667520863
2013,Heavily indebted poor countries (HIPC),686620331
2014,Heavily indebted poor countries (HIPC),706617213
2015,Heavily indebted poor countries (HIPC),727129254
2016,Heavily indebted poor countries (HIPC),748356635
2017,Heavily indebted poor countries (HIPC),770390212
2018,Heavily indebted poor countries (HIPC),792615894
2019,Heavily indebted poor countries (HIPC),815100831
2020,Heavily indebted poor countries (HIPC),838066650
2021,Heavily indebted poor countries (HIPC),861156745
1990,High income,1026705783
2000,High income,1101322358
2012,High income,1191244446
2013,High income,1198018009
2014,High income,1204882945
2015,High income,1211637779
2016,High income,1218545401
2017,High income,1224733163
2018,High income,1230678232
2019,High income,1235869243
2020,High income,1240900955
2021,High income,1240629858
1990,IBRD only,3471751539
2000,IBRD only,3999140171
2012,IBRD only,4539500289
2013,IBRD only,4588990832
2014,IBRD only,4638292836
2015,IBRD only,4686050627
2016,IBRD only,4731948335
2017,IBRD only,4776473096
2018,IBRD only,4817627754
2019,IBRD only,4855633857
2020,IBRD only,4889761166
2021,IBRD only,4917520297
1990,IDA & IBRD total,4319808510
2000,IDA & IBRD total,5093906989
2012,IDA & IBRD total,5997941575
2013,IDA & IBRD total,6079383316
2014,IDA & IBRD total,6160758687
2015,IDA & IBRD total,6241291929
2016,IDA & IBRD total,6321324033
2017,IDA & IBRD total,6401367406
2018,IDA & IBRD total,6479097294
2019,IDA & IBRD total,6554880269
2020,IDA & IBRD total,6628067973
2021,IDA & IBRD total,6695397735
1990,IDA blend,284421830
2000,IDA blend,370910722
2012,IDA blend,495868522
2013,IDA blend,506443358
2014,IDA blend,516900084
2015,IDA blend,527175885
2016,IDA blend,537358412
2017,IDA blend,547984961
2018,IDA blend,559155599
2019,IDA blend,570633332
2020,IDA blend,582637127
2021,IDA blend,595016031
1990,IDA only,563635141
2000,IDA only,723856096
2012,IDA only,962572764
2013,IDA only,983949126
2014,IDA only,1005565767
2015,IDA only,1028065417
2016,IDA only,1052017286
2017,IDA only,1076909349
2018,IDA only,1102313941
2019,IDA only,1128613080
2020,IDA only,1155669680
2021,IDA only,1182861407
1990,IDA total,848056971
2000,IDA total,1094766818
2012,IDA total,1458441286
2013,IDA total,1490392484
2014,IDA total,1522465851
2015,IDA total,1555241302
2016,IDA total,1589375698
2017,IDA total,1624894310
2018,IDA total,1661469540
2019,IDA total,1699246412
2020,IDA total,1738306807
2021,IDA total,1777877438
1990,Late-demographic dividend,1847943137
2000,Late-demographic dividend,2046027286
2012,Late-demographic dividend,2211789266
2013,Late-demographic dividend,2227938007
2014,Late-demographic dividend,2243581628
2015,Late-demographic dividend,2258039271
2016,Late-demographic dividend,2272117455
2017,Late-demographic dividend,2286564636
2018,Late-demographic dividend,2298987320
2019,Late-demographic dividend,2309491520
2020,Late-demographic dividend,2317277311
2021,Late-demographic dividend,2321862159
1990,Latin America & Caribbean,441597528
2000,Latin America & Caribbean,521281149
2012,Latin America & Caribbean,602139396
2013,Latin America & Caribbean,608642242
2014,Latin America & Caribbean,615046755
2015,Latin America & Caribbean,621390109
2016,Latin America & Caribbean,627668470
2017,Latin America & Caribbean,633797190
2018,Latin America & Caribbean,639628226
2019,Latin America & Caribbean,645295804
2020,Latin America & Caribbean,650534967
2021,Latin America & Caribbean,654981699
1990,Latin America & Caribbean (excluding high income),397075672
2000,Latin America & Caribbean (excluding high income),468884433
2012,Latin America & Caribbean (excluding high income),541792264
2013,Latin America & Caribbean (excluding high income),547701523
2014,Latin America & Caribbean (excluding high income),553532904
2015,Latin America & Caribbean (excluding high income),559317823
2016,Latin America & Caribbean (excluding high income),565136972
2017,Latin America & Caribbean (excluding high income),571144463
2018,Latin America & Caribbean (excluding high income),577406030
2019,Latin America & Caribbean (excluding high income),583500375
2020,Latin America & Caribbean (excluding high income),588808380
2021,Latin America & Caribbean (excluding high income),593308001
1990,Latin America & the Caribbean (IDA & IBRD countries),426479901
2000,Latin America & the Caribbean (IDA & IBRD countries),505304844
2012,Latin America & the Caribbean (IDA & IBRD countries),585986944
2013,Latin America & the Caribbean (IDA & IBRD countries),592507619
2014,Latin America & the Caribbean (IDA & IBRD countries),598949385
2015,Latin America & the Caribbean (IDA & IBRD countries),605335594
2016,Latin America & the Caribbean (IDA & IBRD countries),611668087
2017,Latin America & the Caribbean (IDA & IBRD countries),617875842
2018,Latin America & the Caribbean (IDA & IBRD countries),623841282
2019,Latin America & the Caribbean (IDA & IBRD countries),629515571
2020,Latin America & the Caribbean (IDA & IBRD countries),634680385
2021,Latin America & the Caribbean (IDA & IBRD countries),639188695
1990,Least developed countries: UN classification,513968735
2000,Least developed countries: UN classification,662018171
2012,Least developed countries: UN classification,885375140
2013,Least developed countries: UN classification,907133963
2014,Least developed countries: UN classification,929398042
2015,Least developed countries: UN classification,951928215
2016,Least developed countries: UN classification,975265947
2017,Least developed countries: UN classification,999288864
2018,Least developed countries: UN classification,1023493788
2019,Least developed countries: UN classification,1048193552
2020,Least developed countries: UN classification,1073743450
2021,Least developed countries: UN classification,1099568566
1990,Low & middle income,4247060780
2000,Low & middle income,5018572610
2012,Low & middle income,5920180850
2013,Low & middle income,6001328521
2014,Low & middle income,6082432550
2015,Low & middle income,6162743397
2016,Low & middle income,6242647248
2017,Low & middle income,6322861019
2018,Low & middle income,6401272453
2019,Low & middle income,6477841008
2020,Low & middle income,6551590116
2021,Low & middle income,6619578961
1990,Low income,302800184
2000,Low income,400821583
2012,Low income,565535976
2013,Low income,580126164
2014,Low income,594773454
2015,Low income,610047256
2016,Low income,626382245
2017,Low income,643485701
2018,Low income,661256583
2019,Low income,680013468
2020,Low income,699186538
2021,Low income,718255072
1990,Lower middle income,2016581827
2000,Lower middle income,2459549814
2012,Lower middle income,2996702087
2013,Lower middle income,3042938624
2014,Lower middle income,3089095464
2015,Lower middle income,3134736445
2016,Lower middle income,3180221060
2017,Lower middle income,3225575822
2018,Lower middle income,3270214763
2019,Lower middle income,3313903477
2020,Lower middle income,3357118135
2021,Lower middle income,3398187527
1990,Middle East & North Africa,256203998
2000,Middle East & North Africa,321037453
2012,Middle East & North Africa,414117603
2013,Middle East & North Africa,422790409
2014,Middle East & North Africa,431664579
2015,Middle East & North Africa,440506473
2016,Middle East & North Africa,448917409
2017,Middle East & North Africa,456885486
2018,Middle East & North Africa,465073490
2019,Middle East & North Africa,473201775
2020,Middle East & North Africa,479966649
2021,Middle East & North Africa,486167363
1990,Middle East & North Africa (excluding high income),228846359
2000,Middle East & North Africa (excluding high income),283899110
2012,Middle East & North Africa (excluding high income),356239722
2013,Middle East & North Africa (excluding high income),363310225
2014,Middle East & North Africa (excluding high income),370756356
2015,Middle East & North Africa (excluding high income),378137339
2016,Middle East & North Africa (excluding high income),385054538
2017,Middle East & North Africa (excluding high income),391607422
2018,Middle East & North Africa (excluding high income),398375344
2019,Middle East & North Africa (excluding high income),405259403
2020,Middle East & North Africa (excluding high income),411810124
2021,Middle East & North Africa (excluding high income),418047201
1990,Middle East & North Africa (IDA & IBRD countries),226868111
2000,Middle East & North Africa (IDA & IBRD countries),280976957
2012,Middle East & North Africa (IDA & IBRD countries),352259724
2013,Middle East & North Africa (IDA & IBRD countries),359233517
2014,Middle East & North Africa (IDA & IBRD countries),366582958
2015,Middle East & North Africa (IDA & IBRD countries),373867247
2016,Middle East & North Africa (IDA & IBRD countries),380687450
2017,Middle East & North Africa (IDA & IBRD countries),387152617
2018,Middle East & North Africa (IDA & IBRD countries),393806257
2019,Middle East & North Africa (IDA & IBRD countries),400574097
2020,Middle East & North Africa (IDA & IBRD countries),407006855
2021,Middle East & North Africa (IDA & IBRD countries),413124452
1990,Middle income,3944260596
2000,Middle income,4617751027
2012,Middle income,5354644874
2013,Middle income,5421202357
2014,Middle income,5487659096
2015,Middle income,5552696141
2016,Middle income,5616265003
2017,Middle income,5679375318
2018,Middle income,5740015870
2019,Middle income,5797827540
2020,Middle income,5852403578
2021,Middle income,5901323889
1990,North America,277373464
2000,North America,312909974
2012,North America,348656682
2013,North America,351207902
2014,North America,353888902
2015,North America,356507139
2016,North America,359245796
2017,North America,361731237
2018,North America,363967201
2019,North America,365995094
2020,North America,369602177
2021,North America,370203720
1990,Not classified,nan
2000,Not classified,nan
2012,Not classified,nan
2013,Not classified,nan
2014,Not classified,nan
2015,Not classified,nan
2016,Not classified,nan
2017,Not classified,nan
2018,Not classified,nan
2019,Not classified,nan
2020,Not classified,nan
2021,Not classified,nan
1990,OECD members,1104791543
2000,OECD members,1200179492
2012,OECD members,1305615104
2013,OECD members,1314072465
2014,OECD members,1323005691
2015,OECD members,1331743060
2016,OECD members,1340532342
2017,OECD members,1348646085
2018,OECD members,1356241793
2019,OECD members,1362922537
2020,OECD members,1370241530
2021,OECD members,1372736513
1990,Other small states,17806417
2000,Other small states,21437978
2012,Other small states,27617274
2013,Other small states,28225516
2014,Other small states,28907278
2015,Other small states,29620768
2016,Other small states,30309723
2017,Other small states,30940039
2018,Other small states,31494217
2019,Other small states,32005203
2020,Other small states,32381190
2021,Other small states,32708003
1990,Pacific island small states,1776243
2000,Pacific island small states,2035672
2012,Pacific island small states,2353058
2013,Pacific island small states,2379069
2014,Pacific island small states,2405308
2015,Pacific island small states,2431426
2016,Pacific island small states,2457814
2017,Pacific island small states,2484263
2018,Pacific island small states,2510226
2019,Pacific island small states,2536070
2020,Pacific island small states,2566819
2021,Pacific island small states,2602173
1990,Post-demographic dividend,964048985
2000,Post-demographic dividend,1020793420
2012,Post-demographic dividend,1082488958
2013,Post-demographic dividend,1087230525
2014,Post-demographic dividend,1092179620
2015,Post-demographic dividend,1097061415
2016,Post-demographic dividend,1102020063
2017,Post-demographic dividend,1106214534
2018,Post-demographic dividend,1110126741
2019,Post-demographic dividend,1113310738
2020,Post-demographic dividend,1117443485
2021,Post-demographic dividend,1116796245
1990,Pre-demographic dividend,417144782
2000,Pre-demographic dividend,553089230
2012,Pre-demographic dividend,784822780
2013,Pre-demographic dividend,808542070
2014,Pre-demographic dividend,832469778
2015,Pre-demographic dividend,856420253
2016,Pre-demographic dividend,880891473
2017,Pre-demographic dividend,905987912
2018,Pre-demographic dividend,931467165
2019,Pre-demographic dividend,957503246
2020,Pre-demographic dividend,984213438
2021,Pre-demographic dividend,1011043183
1990,Small states,25640496
2000,Small states,30055791
2012,Small states,37059328
2013,Small states,37740469
2014,Small states,38493630
2015,Small states,39276796
2016,Small states,40032809
2017,Small states,40727936
2018,Small states,41379093
2019,Small states,41965375
2020,Small states,42392777
2021,Small states,42792053
1990,South Asia,1141434379
2000,South Asia,1406946728
2012,South Asia,1708114582
2013,South Asia,1731137145
2014,South Asia,1753568847
2015,South Asia,1775178483
2016,South Asia,1796850154
2017,South Asia,1818868706
2018,South Asia,1840534093
2019,South Asia,1861598514
2020,South Asia,1882531620
2021,South Asia,1901911604
1990,South Asia (IDA & IBRD),1141434379
2000,South Asia (IDA & IBRD),1406946728
2012,South Asia (IDA & IBRD),1708114582
2013,South Asia (IDA & IBRD),1731137145
2014,South Asia (IDA & IBRD),1753568847
2015,South Asia (IDA & IBRD),1775178483
2016,South Asia (IDA & IBRD),1796850154
2017,South Asia (IDA & IBRD),1818868706
2018,South Asia (IDA & IBRD),1840534093
2019,South Asia (IDA & IBRD),1861598514
2020,South Asia (IDA & IBRD),1882531620
2021,South Asia (IDA & IBRD),1901911604
1990,Sub-Saharan Africa,516629688
2000,Sub-Saharan Africa,671212486
2012,Sub-Saharan Africa,929328653
2013,Sub-Saharan Africa,955096428
2014,Sub-Saharan Africa,981506334
2015,Sub-Saharan Africa,1008698525
2016,Sub-Saharan Africa,1036155715
2017,Sub-Saharan Africa,1063885000
2018,Sub-Saharan Africa,1092403699
2019,Sub-Saharan Africa,1121548775
2020,Sub-Saharan Africa,1151301807
2021,Sub-Saharan Africa,1181162739
1990,Sub-Saharan Africa (excluding high income),516560181
2000,Sub-Saharan Africa (excluding high income),671131355
2012,Sub-Saharan Africa (excluding high income),929240350
2013,Sub-Saharan Africa (excluding high income),955006479
2014,Sub-Saharan Africa (excluding high income),981414975
2015,Sub-Saharan Africa (excluding high income),1008605106
2016,Sub-Saharan Africa (excluding high income),1036061038
2017,Sub-Saharan Africa (excluding high income),1063789157
2018,Sub-Saharan Africa (excluding high income),1092306937
2019,Sub-Saharan Africa (excluding high income),1121451150
2020,Sub-Saharan Africa (excluding high income),1151203345
2021,Sub-Saharan Africa (excluding high income),1181063481
1990,Sub-Saharan Africa (IDA & IBRD countries),516629688
2000,Sub-Saharan Africa (IDA & IBRD countries),671212486
2012,Sub-Saharan Africa (IDA & IBRD countries),929328653
2013,Sub-Saharan Africa (IDA & IBRD countries),955096428
2014,Sub-Saharan Africa (IDA & IBRD countries),981506334
2015,Sub-Saharan Africa (IDA & IBRD countries),1008698525
2016,Sub-Saharan Africa (IDA & IBRD countries),1036155715
2017,Sub-Saharan Africa (IDA & IBRD countries),1063885000
2018,Sub-Saharan Africa (IDA & IBRD countries),1092403699
2019,Sub-Saharan Africa (IDA & IBRD countries),1121548775
2020,Sub-Saharan Africa (IDA & IBRD countries),1151301807
2021,Sub-Saharan Africa (IDA & IBRD countries),1181162739
1990,Upper middle income,1927678769
2000,Upper middle income,2158201213
2012,Upper middle income,2357942787
2013,Upper middle income,2378263733
2014,Upper middle income,2398563632
2015,Upper middle income,2417959696
2016,Upper middle income,2436043943
2017,Upper middle income,2453799496
2018,Upper middle income,2469801107
2019,Upper middle income,2483924063
2020,Upper middle income,2495285443
2021,Upper middle income,2503136362
1990,World,5293517142
2000,World,6144322697
2012,World,7140895722
2013,World,7229184551
2014,World,7317508753
2015,World,7404910892
2016,World,7491934113
2017,World,7578157615
2018,World,7661776338
2019,World,7742681934
2020,World,7820981524
2021,World,7888408686
